"Epoch","Taxa (Genus)","CBL","CBW","CH","CBR","CHR","DDL"
"Late Triassic","Eoraptor",2.5,1.62,6.74,0.648,2.696,0.2
"Late Triassic","Eoraptor",2.88,1.85,7.15,0.642361111111111,2.48263888888889,0.133333333333333
"Late Triassic","Eoraptor",1.98,1.48,5.73,0.747474747474748,2.89393939393939,0.166666666666667
"Late Triassic","Eoraptor",2.32,1.8,5.19,0.775862068965517,2.23706896551724,0.142857142857143
"Late Triassic","Eoraptor",3.04,1.97,6.58,0.648026315789474,2.16447368421053,0.166666666666667
"Late Triassic","Eoraptor",2.9,1.74,5.44,0.6,1.87586206896552,0.166666666666667
"Late Triassic","Eoraptor",2.71,1.58,6.17,0.583025830258303,2.27675276752768,0.2
"Late Triassic","Eoraptor",2.67,1.82,4.99,0.681647940074906,1.8689138576779,0.166666666666667
"Late Triassic","Eoraptor",2.56,1.69,4.72,0.66015625,1.84375,0.166666666666667
"Late Triassic","Eoraptor",2.94,1.87,5.32,0.636054421768708,1.80952380952381,0.166666666666667
"Late Triassic","Eoraptor",2.54,1.55,6.5,0.610236220472441,2.55905511811024,0.153846153846154
"Late Triassic","Eoraptor",3.33,1.82,6.76,0.546546546546547,2.03003003003003,0.125
"Late Triassic","Eoraptor",2.86,1.6,4.83,0.559440559440559,1.68881118881119,0.153846153846154
"Late Triassic","Coelophysis",1.7,0.54,4,0.317647058823529,2.35294117647059,0.05
"Late Triassic","Coelophysis",3,1.49,8.2,0.496666666666667,2.73333333333333,0.1
"Late Triassic","Coelophysis",4.1,1.37,8.9,0.334146341463415,2.17073170731707,0.106382978723404
"Late Triassic","Coelophysis",4.4,1.63,11.6,0.370454545454545,2.63636363636364,0.125
"Late Triassic","Coelophysis",5.5,1.71,9.7,0.310909090909091,1.76363636363636,0.125
"Late Triassic","Coelophysis",5.9,1.79,9.3,0.303389830508475,1.57627118644068,0.125
"Late Triassic","Coelophysis",5.4,1.85,7.5,0.342592592592593,1.38888888888889,0.142857142857143
"Late Triassic","Coelophysis",4.7,1.58,5.5,0.336170212765957,1.17021276595745,0.142857142857143
"Late Triassic","Coelophysis",5.2,1.7,6.2,0.326923076923077,1.19230769230769,0.125
"Late Triassic","Coelophysis",3.9,1.49,5.4,0.382051282051282,1.38461538461538,0.142857142857143
"Late Triassic","Coelophysis",3.3,1.14,5,0.345454545454545,1.51515151515152,0.125
"Late Triassic","Coelophysis",3.5,1.63,4.1,0.465714285714286,1.17142857142857,0.142857142857143
"Late Triassic","Coelophysis",3.35,1.86,3.3,0.555223880597015,0.985074626865672,0.125
"Late Triassic","Coelophysis",3.54,0.93,3.45,0.26271186440678,0.974576271186441,0.125
"Late Triassic","Coelophysis",3.26,0.86,3.8,0.263803680981595,1.16564417177914,0.125
"Late Triassic","Coelophysis",2.6,0.95,6.7,0.365384615384615,2.57692307692308,0.111111111111111
"Late Triassic","Coelophysis",3.1,1.57,6.2,0.506451612903226,2,0.125
"Late Jurassic","Ceratosaurus",19,6.5,34.8,0.342105263157895,1.83157894736842,0.384615384615385
"Late Jurassic","Ceratosaurus",18.4,7.3,32.3,0.396739130434783,1.7554347826087,0.375093773443361
"Late Jurassic","Ceratosaurus",17.4,8.8,34.6,0.505747126436782,1.98850574712644,0.434782608695652
"Late Jurassic","Ceratosaurus",15,8,28.3,0.533333333333333,1.88666666666667,0.4
"Late Jurassic","Ceratosaurus",30.03,11.42,62.47,0.38028638028638,2.08025308025308,0.555555555555556
"Late Jurassic","Ceratosaurus",27.52,9.75,59.96,0.354287790697674,2.17877906976744,0.484027105517909
"Late Jurassic","Ceratosaurus",24.2,14.53,34.03,0.600413223140496,1.40619834710744,0.625
"Late Jurassic","Ceratosaurus",22.32,17.46,40.19,0.782258064516129,1.80062724014337,0.588235294117647
"Late Jurassic","Ceratosaurus",23.5,14.33,44.09,0.609787234042553,1.87617021276596,0.600240096038415
"Late Jurassic","Ceratosaurus",19.73,14.21,35.93,0.72022301064369,1.82108464267613,0.600240096038415
"Late Jurassic","Ceratosaurus",21.96,14.47,40.9,0.658925318761384,1.86247723132969,0.625
"Late Jurassic","Ceratosaurus",31.11,13.27,66.46,0.426550948248152,2.13629058180649,0.444444444444444
"Late Jurassic","Ceratosaurus",33.8,11.95,72.84,0.353550295857988,2.15502958579882,0.454545454545455
"Late Jurassic","Ceratosaurus",27.46,8.68,54.13,0.316096139839767,1.97123088128186,0.454545454545455
"Late Jurassic","Ceratosaurus",20.98,9.73,41.42,0.463775023832221,1.97426120114395,0.428816466552316
"Late Jurassic","Ceratosaurus",18.61,14.28,32.26,0.76732939279957,1.73347662547018,0.5
"Late Jurassic","Ceratosaurus",21.99,9.21,39.16,0.418826739427012,1.78080945884493,0.416666666666667
"Late Jurassic","Ceratosaurus",17.62,7.38,30.29,0.418842224744608,1.71906923950057,0.428816466552316
"Late Jurassic","Ceratosaurus",25.86,14.79,31.63,0.571925754060325,1.223124516628,0.625
"Late Jurassic","Ceratosaurus",23,16.81,41.89,0.730869565217391,1.82130434782609,0.625
"Late Jurassic","Ceratosaurus",24.04,14.88,41.66,0.618968386023295,1.73294509151414,0.555555555555556
"Late Jurassic","Ceratosaurus",20.26,14.31,38.69,0.706317867719645,1.90967423494571,0.625
"Late Jurassic","Ceratosaurus",22.64,13.9,39.65,0.613957597173145,1.75132508833922,0.714285714285714
"Late Jurassic","Ceratosaurus",25.47,15.1,51.32,0.592854338437377,2.01491951315273,0.555555555555556
"Late Jurassic","Ceratosaurus",29.61,12.88,61.71,0.434988179669031,2.08409321175279,0.5
"Late Jurassic","Ceratosaurus",32.95,14,75,0.424886191198786,2.27617602427921,0.454545454545455
"Late Jurassic","Ceratosaurus",27.52,10.53,52.38,0.382630813953488,1.90334302325581,0.416666666666667
"Late Jurassic","Ceratosaurus",20.79,9.12,38.11,0.438672438672439,1.83309283309283,0.476190476190476
"Late Cretaceous","Masiakasaurus",2.44,2.63,7.71,1.07786885245902,3.15983606557377,0.05
"Late Cretaceous","Masiakasaurus",2.24,2.54,6.64,1.13392857142857,2.96428571428571,0.142857142857143
"Late Cretaceous","Masiakasaurus",2.32,2.21,6.1,0.952586206896552,2.62931034482759,0.125
"Late Cretaceous","Masiakasaurus",2.79,3.48,7.7,1.24731182795699,2.75985663082437,0.166666666666667
"Late Cretaceous","Masiakasaurus",2.86,2.04,6.23,0.713286713286713,2.17832167832168,0.125
"Late Cretaceous","Masiakasaurus",3.04,1.85,4.76,0.608552631578947,1.56578947368421,0.125
"Late Cretaceous","Masiakasaurus",5.06,2.04,8.71,0.403162055335968,1.72134387351779,0.272776868521549
"Late Cretaceous","Masiakasaurus",2.41,1.29,4.58,0.535269709543568,1.90041493775934,0.125
"Late Cretaceous","Masiakasaurus",6.27,3.14,11.39,0.500797448165869,1.81658692185008,0.333333333333333
"Late Cretaceous","Masiakasaurus",2.76,1.37,4.34,0.496376811594203,1.57246376811594,0.142857142857143
"Late Cretaceous","Masiakasaurus",4.64,2.45,11.84,0.52801724137931,2.55172413793103,0.333333333333333
"Late Cretaceous","Masiakasaurus",4.47,3.93,7.46,0.879194630872483,1.66890380313199,0.344827586206897
"Late Cretaceous","Masiakasaurus",5.3,2.28,6.96,0.430188679245283,1.31320754716981,0.2
"Late Cretaceous","Masiakasaurus",6.15,3.02,14.25,0.491056910569106,2.31707317073171,0.222222222222222
"Late Cretaceous","Masiakasaurus",7.09,3.48,10.44,0.49083215796897,1.47249647390691,0.27027027027027
"Late Cretaceous","Masiakasaurus",4.62,2.5,11.64,0.541125541125541,2.51948051948052,0.333333333333333
"Late Cretaceous","Masiakasaurus",4.94,2.42,8.58,0.489878542510121,1.73684210526316,0.25
"Late Cretaceous","Masiakasaurus",4.94,2.42,6.8,0.489878542510121,1.37651821862348,0.25
"Late Cretaceous","Masiakasaurus",5.47,2.22,8.86,0.405850091407678,1.61974405850091,0.29940119760479
"Late Cretaceous","Masiakasaurus",5.15,3.03,13.34,1.7,0.4,0.333333333333333
"Late Cretaceous","Indosuchus",12.9,12.9,20,1,1.55038759689922,0.750750750750751
"Late Cretaceous","Indosuchus",16,13.2,30,0.825,1.875,0.555555555555556
"Late Cretaceous","Indosuchus",16,10,27,0.625,1.6875,0.5
"Late Cretaceous","Indosuchus",16.6,13.3,29.1,0.801204819277108,1.75301204819277,0.588235294117647
"Late Cretaceous","Indosuchus",19.47,9.1,29.4,0.46738572162301,1.51001540832049,0.416666666666667
"Late Cretaceous","Indosuchus",17.3,12.99,26.9,0.750867052023121,1.55491329479769,0.454545454545455
"Late Cretaceous","Indosuchus",16.59,10.66,27.26,0.642555756479807,1.64315852923448,0.05
"Late Cretaceous","Indosuchus",17.33,12.85,28.02,0.741488747836122,1.61684939411425,0.05
"Late Cretaceous","Indosuchus",13.55,10.54,26,0.777859778597786,1.91881918819188,0.05
"Late Cretaceous","Indosuchus",15.99,11.96,31.86,0.747967479674797,1.99249530956848,0.5
"Late Cretaceous","Majungasaurus",12.16,10.94,19.64,0.899671052631579,1.61513157894737,0.588235294117647
"Late Cretaceous","Majungasaurus",15.01,12.45,27.85,0.829447035309793,1.85542971352432,0.588235294117647
"Late Cretaceous","Majungasaurus",15.3,8.79,23.85,0.574509803921569,1.55882352941176,0.666666666666667
"Late Cretaceous","Majungasaurus",14.9,8.32,31.8,0.558389261744967,2.13422818791946,0.625
"Late Cretaceous","Majungasaurus",17.93,9.16,33.41,0.510875627440045,1.86335750139431,0.526315789473684
"Late Cretaceous","Majungasaurus",18.13,9.39,35.08,0.517926089354661,1.93491450634308,0.555555555555556
"Late Cretaceous","Majungasaurus",18.7,8.4,30.98,0.449197860962567,1.65668449197861,0.625
"Late Cretaceous","Majungasaurus",18.47,8.9,34.86,0.481862479696806,1.88738494856524,0.588235294117647
"Late Cretaceous","Majungasaurus",8.56,7.34,14.8,0.857476635514019,1.72897196261682,0.588235294117647
"Late Cretaceous","Majungasaurus",13.1,8.91,27.14,0.680152671755725,2.07175572519084,0.526315789473684
"Late Cretaceous","Majungasaurus",13.9,7.58,24.4,0.545323741007194,1.75539568345324,0.5
"Late Cretaceous","Majungasaurus",12.56,6.77,20.95,0.539012738853503,1.66799363057325,0.5
"Late Cretaceous","Majungasaurus",12.27,6.45,19.84,0.525672371638142,1.61695191524042,0.5
"Late Cretaceous","Majungasaurus",11.73,5.99,18.08,0.510656436487639,1.54134697357204,0.470809792843691
"Late Cretaceous","Majungasaurus",11.49,5.89,18.57,0.512619669277633,1.61618798955614,0.444444444444444
"Late Cretaceous","Majungasaurus",10.79,8.22,22.91,0.761816496756256,2.12326227988879,0.625
"Late Cretaceous","Majungasaurus",13.02,8.38,22.86,0.643625192012289,1.75576036866359,0.555555555555556
"Late Cretaceous","Majungasaurus",14.63,7.85,23.03,0.536568694463431,1.57416267942584,0.555555555555556
"Late Cretaceous","Majungasaurus",14.22,7.87,21.53,0.553445850914205,1.514064697609,0.526315789473684
"Late Cretaceous","Majungasaurus",13.67,7.82,24.99,0.57205559619605,1.82809070958303,0.5
"Late Cretaceous","Majungasaurus",12.96,8.45,24.57,0.652006172839506,1.89583333333333,0.5
"Late Cretaceous","Majungasaurus",12.82,6.94,22.76,0.541341653666147,1.77535101404056,0.476190476190476
"Late Cretaceous","Majungasaurus",11.07,6.07,18.78,0.5483288166215,1.69647696476965,0.428816466552316
"Late Cretaceous","Majungasaurus",12.99,9.46,30.11,0.73,2.32,0.416666666666667
"Late Cretaceous","Majungasaurus",12.41,9.26,27.05,0.75,2.18,0.5
"Late Cretaceous","Majungasaurus",12.51,8.3,27.69,0.66,2.21,0.454545454545455
"Late Cretaceous","Majungasaurus",12.08,11.09,31.52,0.92,2.61,0.555555555555556
"Late Cretaceous","Majungasaurus",14.81,11.72,32.38,0.79,2.19,0.588235294117647
"Late Cretaceous","Majungasaurus",14.6,9.13,31.68,0.63,2.17,0.510204081632653
"Late Cretaceous","Majungasaurus",18.3,8.62,36.9,0.47,2.02,0.555555555555556
"Late Cretaceous","Majungasaurus",18.37,9.21,38.08,0.5,2.07,0.555555555555556
"Late Cretaceous","Majungasaurus",17.99,8.49,30,0.47,1.67,0.666666666666667
"Late Cretaceous","Majungasaurus",18.93,8.86,35.54,0.47,1.88,0.5
"Late Cretaceous","Majungasaurus",18.17,9.1,38.68,0.5,2.13,0.555555555555556
"Late Cretaceous","Majungasaurus",16.34,6.54,29.36,0.4,1.8,0.526315789473684
"Late Cretaceous","Majungasaurus",7.88,3.47,12.45,0.44,1.58,0.357142857142857
"Late Cretaceous","Majungasaurus",8.81,7.2,19.88,0.82,2.26,0.555555555555556
"Late Cretaceous","Majungasaurus",13.3,8.56,25.37,0.64,1.91,0.526315789473684
"Late Cretaceous","Majungasaurus",14.24,7.72,25.13,0.54,1.76,0.454545454545455
"Late Cretaceous","Majungasaurus",12.66,7.12,19.93,0.56,1.57,0.5
"Late Cretaceous","Majungasaurus",12.53,6.69,19.21,0.53,1.53,0.454545454545455
"Late Cretaceous","Majungasaurus",12.28,6.7,17.87,0.55,1.46,0.454545454545455
"Late Cretaceous","Majungasaurus",11.72,6.29,16.19,0.54,1.38,0.454545454545455
"Late Cretaceous","Majungasaurus",9.33,5.36,14.48,0.57,1.55,0.454545454545455
"Late Cretaceous","Majungasaurus",10.91,8.48,22.88,0.78,2.1,0.588235294117647
"Late Cretaceous","Majungasaurus",13.53,8.27,22.87,0.61,1.69,0.555555555555556
"Late Cretaceous","Majungasaurus",13.9,7.7,24.08,0.57,1.73,0.5
"Late Cretaceous","Majungasaurus",13.5,7.77,25.75,0.58,1.91,0.454545454545455
"Late Cretaceous","Majungasaurus",12.82,8.59,23.76,0.67,1.85,0.5
"Late Cretaceous","Majungasaurus",13.17,7.05,23,0.54,1.75,0.526315789473684
"Late Cretaceous","Majungasaurus",11.26,5.79,18.73,0.51,1.66,0.416666666666667
"Late Cretaceous","Majungasaurus",12.88,5.25,18.71,0.41,1.45,0.416666666666667
"Late Cretaceous","Majungasaurus",16.9,8.67,37.63,0.51,2.23,0.537634408602151
"Late Cretaceous","Majungasaurus",17.1,8.81,35.01,0.52,2.05,0.5
"Late Cretaceous","Abelisauridae",10.95,4.6,19.25,0.420091324200913,1.75799086757991,0.434782608695652
"Late Cretaceous","Abelisauridae",10.5,4.18,19.55,0.398095238095238,1.86190476190476,0.380952380952381
"Late Cretaceous","Abelisauridae",13.43,7.25,34.27,0.539836187639613,2.55174981384959,0.444444444444444
"Late Cretaceous","Abelisauridae",15.36,7.35,24.67,0.478515625,1.60611979166667,0.5
"Late Cretaceous","Abelisauridae",11.4,6.1,22,0.535087719298246,1.92982456140351,0.384615384615385
"Late Cretaceous","Abelisauridae",13.01,6.69,16.63,0.514219830899308,1.2782475019216,0.384615384615385
"Late Cretaceous","Abelisauridae",16.5,8.4,33.3,0.509090909090909,2.01818181818182,0.357142857142857
"Middle Cretaceous","Abelisauridae",10.95,4.6,19.25,0.420091324200913,1.75799086757991,0.434782608695652
"Middle Cretaceous","Abelisauridae",10.5,4.18,19.55,0.398095238095238,1.86190476190476,0.380952380952381
"Middle Cretaceous","Abelisauridae",13.43,7.25,34.27,0.539836187639613,2.55174981384959,0.444444444444444
"Middle Cretaceous","Abelisauridae",15.36,7.35,24.67,0.478515625,1.60611979166667,0.5
"Middle Cretaceous","Abelisauridae",11.4,6.1,22,0.535087719298246,1.92982456140351,0.384615384615385
"Middle Cretaceous","Abelisauridae",13.01,6.69,16.63,0.514219830899308,1.2782475019216,0.384615384615385
"Middle Cretaceous","Abelisauridae",16.5,8.4,33.3,0.509090909090909,2.01818181818182,0.357142857142857
"Middle Jurassic","Monolophosaurus",15.36,11.01,33.7,0.716796875,2.19401041666667,0.285714285714286
"Middle Jurassic","Monolophosaurus",19.36,9.89,41.51,0.510847107438017,2.14411157024793,0.3125
"Middle Jurassic","Monolophosaurus",15.95,5.76,17.71,0.361128526645768,1.11034482758621,0.333333333333333
"Middle Jurassic","Monolophosaurus",13.66,6.17,25.05,0.451683748169839,2.08199121522694,0.285714285714286
"Middle Jurassic","Monolophosaurus",13.07,7.13,20.83,0.545524100994644,1.59372609028309,0.277777777777778
"Middle Jurassic","Monolophosaurus",10.72,6.66,20.71,0.621268656716418,1.93,0.285714285714286
"Middle Jurassic","Monolophosaurus",12.01,6.58,21.58,0.547876769358868,1.79683597002498,0.285714285714286
"Middle Jurassic","Monolophosaurus",12.31,5.66,19.85,0.45978878960195,1.61251015434606,0.3125
"Middle Jurassic","Monolophosaurus",12.93,4.94,21.1,0.382057231245166,1.63186388244393,0.25
"Middle Jurassic","Monolophosaurus",9.86,5.45,16.88,0.552738336713996,1.71196754563895,0.260960334029228
"Late Jurassic","Torvosaurus",42.43,21.09,105.28,0.497053971246759,2.48126325712939,0.714285714285714
"Late Jurassic","Torvosaurus",40.44,21.54,101.98,0.532640949554896,2.5217606330366,0.666666666666667
"Late Jurassic","Torvosaurus",45.52,16.4,106.4,0.360281195079086,2.33743409490334,0.625
"Late Jurassic","Torvosaurus",24.81,13.74,43.53,0.553808948004837,1.75453446191052,0.526315789473684
"Late Jurassic","Torvosaurus",31.2,20.2,85.8,0.647435897435897,2.75,0.625
"Late Jurassic","Torvosaurus",32.2,15.8,61.1,0.490683229813665,1.89751552795031,0.625
"Late Jurassic","Torvosaurus",47.99,22.89,141.52,0.48,2.95,1
"Late Jurassic","Torvosaurus",25.35,12.62,62.29,0.5,2.46,0.666666666666667
"Late Jurassic","Torvosaurus",30.65,17.55,79.79,0.57,2.6,0.833333333333333
"Late Jurassic","Torvosaurus",22.68,15.15,57.21,0.67,2.52,0.625
"Late Jurassic","Torvosaurus",26.31,12.02,57.2,0.46,2.17,0.5
"Late Jurassic","Torvosaurus",36.27,16.93,91.72,0.47,2.53,0.833333333333333
"Late Jurassic","Torvosaurus",23.23,13.75,52.25,0.59,2.25,0.625
"Late Jurassic","Torvosaurus",25.11,14.17,65.5,0.56,2.61,0.625
"Late Jurassic","Torvosaurus",33.69,20.4,93.87,0.61,2.79,0.588235294117647
"Late Jurassic","Torvosaurus",39.71,21.6,109.51,0.54,2.76,0.714285714285714
"Late Jurassic","Torvosaurus",16.26,7.87,38.76,0.48,2.38,0.5
"Late Jurassic","Torvosaurus",26.39,14.58,52.77,0.55,2,0.714285714285714
"Late Jurassic","Torvosaurus",21.54,15.58,54.46,0.72,2.53,0.625
"Late Jurassic","Torvosaurus",47.09,16.75,104.99,0.36,2.23,0.714285714285714
"Late Jurassic","Torvosaurus",48.35,20.64,145.55,0.43,3.01,0.833333333333333
"Late Jurassic","Torvosaurus",25.75,14.04,70.29,0.55,2.73,0.714285714285714
"Late Jurassic","Torvosaurus",42.44,23.49,123.67,0.55,2.91,0.769230769230769
"Late Jurassic","Torvosaurus",29.1,16.41,84.13,0.56,2.89,0.714285714285714
"Late Jurassic","Torvosaurus",48.38,19.94,145.54,0.41,3.01,0.666666666666667
"Early Cretaceous","Baryonyx",10.72,8.54,25.41,0.796641791044776,2.37033582089552,0.142857142857143
"Early Cretaceous","Baryonyx",8.25,7.65,20.82,0.927272727272727,2.52363636363636,0.166666666666667
"Early Cretaceous","Baryonyx",12.06,10.01,26.63,0.830016583747927,2.20812603648425,0.142857142857143
"Early Cretaceous","Baryonyx",13.4,10.4,29.39,0.776119402985075,2.19328358208955,0.142857142857143
"Early Cretaceous","Baryonyx",15.31,11.75,33.69,0.767472240365774,2.20052253429131,0.125
"Early Cretaceous","Baryonyx",9.01,8.44,20.79,0.936736958934517,2.30743618201998,0.142857142857143
"Early Cretaceous","Baryonyx",11.79,10.73,24.15,0.910093299406277,2.04834605597964,0.142857142857143
"Early Cretaceous","Baryonyx",9.3,7.95,17.91,0.854838709677419,1.9258064516129,0.142857142857143
"Early Cretaceous","Baryonyx",9.27,7.34,20.44,0.791801510248112,2.2049622437972,0.142857142857143
"Early Cretaceous","Baryonyx",15.84,13.25,36.48,0.836489898989899,2.3030303030303,0.142857142857143
"Early Cretaceous","Baryonyx",19.3,14.41,42.83,0.746632124352332,2.21917098445596,0.166666666666667
"Early Cretaceous","Baryonyx",13.06,11.24,31.37,0.860643185298622,2.40199081163859,0.142857142857143
"Early Cretaceous","Baryonyx",10.49,7.9,23.72,0.753098188751192,2.26120114394662,0.142857142857143
"Early Cretaceous","Baryonyx",11.69,11.19,28.72,0.957228400342173,2.45680068434559,0.142857142857143
"Early Cretaceous","Baryonyx",15.76,12.05,34.8,0.764593908629442,2.20812182741117,0.142857142857143
"Early Cretaceous","Baryonyx",13.18,10.88,29.67,0.825493171471927,2.25113808801214,0.142857142857143
"Early Cretaceous","Baryonyx",12.12,10.35,27.19,0.853960396039604,2.24339933993399,0.142857142857143
"Early Cretaceous","Baryonyx",16.42,15.19,38.55,0.925091352009744,2.34774665042631,0.142857142857143
"Early Cretaceous","Baryonyx",16.47,13.65,34.12,0.828779599271403,2.07164541590771,0.142857142857143
"Middle Cretaceous","Suchomimus",18.6,14.9,48.5,0.801075268817204,2.60752688172043,0.2
"Middle Cretaceous","Suchomimus",15.2,11.3,32.4,0.743421052631579,2.13157894736842,0.166666666666667
"Middle Cretaceous","Suchomimus",15.9,10.8,41.7,0.679245283018868,2.62264150943396,0.2
"Middle Cretaceous","Suchomimus",15.1,9.8,41.2,0.649006622516556,2.72847682119205,0.2
"Middle Cretaceous","Suchomimus",13.4,9.7,39.3,0.723880597014925,2.93283582089552,0.2
"Middle Cretaceous","Suchomimus",14.5,9.5,37.3,0.655172413793103,2.57241379310345,0.153846153846154
"Middle Cretaceous","Suchomimus",12.8,9.8,38.5,0.765625,3.0078125,0.142857142857143
"Middle Cretaceous","Suchomimus",17.2,11.6,38.8,0.674418604651163,2.25581395348837,0.153846153846154
"Middle Cretaceous","Suchomimus",9,8.3,18.2,0.922222222222222,2.02222222222222,0.166666666666667
"Middle Cretaceous","Suchomimus",19.9,15,47.6,0.753768844221106,2.39195979899498,0.2
"Middle Cretaceous","Suchomimus",18.9,15.2,62.94,0.804232804232804,3.33015873015873,0.181818181818182
"Middle Cretaceous","Suchomimus",20.8,18.1,56.94,0.870192307692308,2.7375,0.185185185185185
"Middle Cretaceous","Suchomimus",18.7,13.3,52.66,0.711229946524064,2.81604278074866,0.142857142857143
"Middle Cretaceous","Suchomimus",19.2,14.4,54.34,0.75,2.83020833333333,0.172413793103448
"Late Jurassic","Sinraptor",24.39,12.3,59.44,0.504305043050431,2.43706437064371,0.5
"Late Jurassic","Sinraptor",26.63,10.14,63.43,0.380773563650019,2.3819001126549,0.5
"Late Jurassic","Sinraptor",26.74,10.22,60.07,0.382198952879581,2.24644727000748,0.5
"Late Jurassic","Sinraptor",26.83,8.88,55.94,0.330972791651137,2.08497950055908,0.434782608695652
"Late Jurassic","Sinraptor",14.76,6.68,21.62,0.452574525745257,1.46476964769648,0.333333333333333
"Late Jurassic","Sinraptor",21.13,8.23,37.01,0.38949361097965,1.75153809749172,0.434782608695652
"Late Jurassic","Sinraptor",19,9.6,40.55,0.505263157894737,2.13421052631579,0.476190476190476
"Late Jurassic","Sinraptor",19.58,9.48,38.42,0.484167517875383,1.96220633299285,0.434782608695652
"Late Jurassic","Sinraptor",15.33,10.2,32.29,0.665362035225049,2.10632746249185,0.454545454545455
"Late Jurassic","Sinraptor",17.08,11.36,38,0.665105386416862,2.2248243559719,0.454545454545455
"Late Jurassic","Sinraptor",19.89,10.54,39.97,0.52991452991453,2.0095525389643,0.454545454545455
"Late Jurassic","Allosaurus",12.46,6,28.65,0.481540930979133,2.29935794542536,0.5
"Late Jurassic","Allosaurus",12,11.07,20.69,0.9225,1.72416666666667,0.5
"Late Jurassic","Allosaurus",13.04,9.28,26.98,0.711656441717791,2.06901840490798,0.454545454545455
"Late Jurassic","Allosaurus",20.36,12.29,49.57,0.603634577603143,2.43467583497053,0.555555555555556
"Late Jurassic","Allosaurus",16.01,8.23,34.05,0.514053716427233,2.12679575265459,0.4
"Late Jurassic","Allosaurus",16.75,15.89,38.35,0.94865671641791,2.28955223880597,0.526315789473684
"Late Jurassic","Allosaurus",16.74,14.27,35.93,0.852449223416965,2.14635603345281,0.5
"Late Jurassic","Allosaurus",16.96,15.28,43.95,0.900943396226415,2.59139150943396,0.5
"Late Jurassic","Allosaurus",16.4,14.76,39.52,0.9,2.40975609756098,0.470809792843691
"Late Jurassic","Allosaurus",10.47,8.88,27.23,0.848137535816619,2.6007640878701,0.476190476190476
"Late Jurassic","Allosaurus",11.52,8.42,25.69,0.730902777777778,2.23003472222222,0.363636363636364
"Late Jurassic","Allosaurus",5.47,6.39,12.27,1.16819012797075,2.24314442413163,0.384615384615385
"Late Jurassic","Allosaurus",7.74,6.07,19.1,0.784237726098191,2.46770025839793,0.37037037037037
"Late Jurassic","Allosaurus",12.75,11.8,23.25,0.925490196078431,1.82352941176471,0.5
"Late Jurassic","Allosaurus",14.13,13.29,30.83,0.940552016985138,2.18188251946214,0.5
"Late Jurassic","Allosaurus",14.68,11.23,29.2,0.764986376021798,1.98910081743869,0.428816466552316
"Late Jurassic","Allosaurus",14.94,7.17,31.47,0.479919678714859,2.10642570281124,0.380952380952381
"Late Jurassic","Allosaurus",22.59,12.05,47.49,0.533421868083223,2.10225763612218,0.434782608695652
"Late Jurassic","Allosaurus",20.57,13.93,47.29,0.677199805542052,2.29897909577054,0.4
"Late Jurassic","Allosaurus",18.67,13.44,42.12,0.719871451526513,2.2560257096947,0.476190476190476
"Late Jurassic","Allosaurus",14.88,17.3,33.97,1.16263440860215,2.28293010752688,0.555555555555556
"Late Jurassic","Allosaurus",17.92,15.38,40.2,0.858258928571428,2.24330357142857,0.5
"Late Jurassic","Allosaurus",10.93,12.56,25.25,1.14913083257091,2.31015553522415,0.48780487804878
"Late Jurassic","Allosaurus",17.64,14.49,36.54,0.821428571428571,2.07142857142857,0.5
"Late Jurassic","Allosaurus",10.67,9.53,24.03,0.893158388003749,2.25210871602624,0.416666666666667
"Late Jurassic","Allosaurus",23.33,10.77,45.44,0.46163737676811,1.94770681525932,0.454545454545455
"Late Jurassic","Allosaurus",16.74,8.25,29.24,0.492831541218638,1.74671445639188,0.416666666666667
"Late Jurassic","Allosaurus",15.63,10.09,35.91,0.64555342290467,2.29750479846449,0.416666666666667
"Late Jurassic","Allosaurus",20.28,13.4,41.08,0.660749506903353,2.29881656804734,0.4
"Late Jurassic","Allosaurus",21.71,14.01,47.12,0.645324735145094,2.17042837402119,0.37037037037037
"Late Jurassic","Allosaurus",16.24,8.01,32.22,0.493226600985222,1.98399014778325,0.384615384615385
"Late Jurassic","Allosaurus",20.64,12.89,45.06,0.624515503875969,2.18313953488372,0.4
"Late Jurassic","Allosaurus",22.87,15.86,49.87,0.693484914735461,2.18058592041976,0.476190476190476
"Late Jurassic","Allosaurus",14.99,7.33,30.02,0.488992661774516,2.00266844563042,0.5
"Late Jurassic","Allosaurus",15.22,7.04,33.48,0.462549277266754,2.19973718791064,0.454545454545455
"Late Jurassic","Allosaurus",12.08,7.45,25.43,0.616721854304636,2.10513245033113,0.285714285714286
"Late Jurassic","Allosaurus",14.06,7.59,28.5,0.539829302987198,2.02702702702703,0.357142857142857
"Late Jurassic","Allosaurus",14.78,7.21,25.52,0.487821380243572,1.72665764546685,0.333333333333333
"Late Jurassic","Allosaurus",17.32,13.03,38.25,0.752309468822171,2.20842956120092,0.434782608695652
"Late Jurassic","Allosaurus",11.77,8.26,25.8,0.7017841971113,2.19201359388275,0.37037037037037
"Late Jurassic","Allosaurus",10.63,9.77,24.62,0.919096895578551,2.31608654750706,0.454545454545455
"Late Jurassic","Allosaurus",16.1,13.82,40.85,0.858385093167702,2.53726708074534,0.454545454545455
"Late Jurassic","Allosaurus",16.7,13.4,34.1,0.802395209580838,2.04191616766467,0.454545454545455
"Late Jurassic","Allosaurus",18.7,6.9,31.9,0.368983957219251,1.70588235294118,0.375093773443361
"Late Jurassic","Allosaurus",17.9,17.3,39.5,0.966480446927374,2.20670391061453,0.416666666666667
"Late Jurassic","Allosaurus",12.6,14.5,33.8,1.15079365079365,2.68253968253968,0.5
"Late Jurassic","Allosaurus",15.5,12.8,34.8,0.825806451612903,2.24516129032258,0.454545454545455
"Late Jurassic","Allosaurus",14.05,12.52,34.31,0.891103202846975,2.44199288256228,0.5
"Late Jurassic","Allosaurus",12.79,10.5,34.2,0.820953870211102,2.67396403440188,0.5
"Late Jurassic","Allosaurus",13.73,10.65,33.19,0.775673707210488,2.41733430444283,0.454545454545455
"Late Jurassic","Allosaurus",17.95,17.72,36.4,0.987186629526462,2.02785515320334,0.526315789473684
"Late Jurassic","Allosaurus",22.2,9.74,43.67,0.438738738738739,1.96711711711712,0.454545454545455
"Late Jurassic","Allosaurus",16.1,15.3,33.9,0.950310559006211,2.1055900621118,0.5
"Late Jurassic","Allosaurus",16,14.6,33.89,0.9125,2.118125,0.485436893203883
"Late Jurassic","Allosaurus",15.5,14.9,36.81,0.96,2.37,0.5
"Late Jurassic","Allosaurus",16.3,13.5,37.69,0.828220858895706,2.31226993865031,0.5
"Late Jurassic","Allosaurus",17.5,12.8,38.85,0.731428571428571,2.22,0.454545454545455
"Early Cretaceous","Fukuiraptor",18,7.5,50,0.416666666666667,2.77777777777778,0.4
"Early Cretaceous","Fukuiraptor",17.4,7.5,33.4,0.431034482758621,1.91954022988506,0.303030303030303
"Early Cretaceous","Fukuiraptor",9,5.1,17,0.566666666666667,1.88888888888889,0.294117647058824
"Early Cretaceous","Fukuiraptor",11.9,5.7,33,0.478991596638655,2.77310924369748,0.285714285714286
"Early Cretaceous","Fukuiraptor",15.4,6.1,31.3,0.396103896103896,2.03246753246753,0.357142857142857
"Early Cretaceous","Fukuiraptor",13.2,8.2,34,0.621212121212121,2.57575757575758,0.333333333333333
"Early Cretaceous","Fukuiraptor",11.5,5.6,18.8,0.48695652173913,1.63478260869565,0.3125
"Early Cretaceous","Fukuiraptor",10.4,4.6,12.6,0.442307692307692,1.21153846153846,0.303030303030303
"Early Cretaceous","Fukuiraptor",12,5,18.5,0.416666666666667,1.54166666666667,0.3125
"Early Cretaceous","Fukuiraptor",9.9,4.2,18,0.424242424242424,1.81818181818182,0.277777777777778
"Early Cretaceous","Fukuiraptor",15.9,5.6,34,0.352201257861635,2.13836477987421,0.384615384615385
"Early Cretaceous","Fukuiraptor",10.5,5.6,23,0.533333333333333,2.19047619047619,0.3125
"Early Cretaceous","Fukuiraptor",22,7.5,54.8,0.340909090909091,2.49090909090909,0.4
"Early Cretaceous","Fukuiraptor",5,2.3,6,0.46,1.2,0.227272727272727
"Late Cretaceous","Fukuiraptor",18,7.5,50,0.416666666666667,2.77777777777778,0.4
"Late Cretaceous","Fukuiraptor",17.4,7.5,33.4,0.431034482758621,1.91954022988506,0.303030303030303
"Late Cretaceous","Fukuiraptor",9,5.1,17,0.566666666666667,1.88888888888889,0.294117647058824
"Late Cretaceous","Fukuiraptor",11.9,5.7,33,0.478991596638655,2.77310924369748,0.285714285714286
"Late Cretaceous","Fukuiraptor",15.4,6.1,31.3,0.396103896103896,2.03246753246753,0.357142857142857
"Late Cretaceous","Fukuiraptor",13.2,8.2,34,0.621212121212121,2.57575757575758,0.333333333333333
"Late Cretaceous","Fukuiraptor",11.5,5.6,18.8,0.48695652173913,1.63478260869565,0.3125
"Late Cretaceous","Fukuiraptor",10.4,4.6,12.6,0.442307692307692,1.21153846153846,0.303030303030303
"Late Cretaceous","Fukuiraptor",12,5,18.5,0.416666666666667,1.54166666666667,0.3125
"Late Cretaceous","Fukuiraptor",9.9,4.2,18,0.424242424242424,1.81818181818182,0.277777777777778
"Late Cretaceous","Fukuiraptor",15.9,5.6,34,0.352201257861635,2.13836477987421,0.384615384615385
"Late Cretaceous","Fukuiraptor",10.5,5.6,23,0.533333333333333,2.19047619047619,0.3125
"Late Cretaceous","Fukuiraptor",22,7.5,54.8,0.340909090909091,2.49090909090909,0.4
"Late Cretaceous","Fukuiraptor",5,2.3,6,0.46,1.2,0.227272727272727
"Middle Cretaceous","Australovenator",7.3,4.8,12.5,0.657534246575342,1.71232876712329,0.333333333333333
"Middle Cretaceous","Australovenator",6.8,6,14,0.882352941176471,2.05882352941176,0.333333333333333
"Middle Cretaceous","Australovenator",9.3,5.5,13.6,0.591397849462366,1.46236559139785,0.333333333333333
"Middle Cretaceous","Australovenator",8.4,4.3,12.8,0.511904761904762,1.52380952380952,0.333333333333333
"Middle Cretaceous","Australovenator",10,6.2,18.4,0.62,1.84,0.333333333333333
"Middle Cretaceous","Australovenator",9.5,6.5,16.5,0.684210526315789,1.73684210526316,0.333333333333333
"Middle Cretaceous","Australovenator",10.4,5.7,16.4,0.548076923076923,1.57692307692308,0.333333333333333
"Middle Cretaceous","Australovenator",9.4,5.8,14.4,0.617021276595745,1.53191489361702,0.333333333333333
"Middle Cretaceous","Australovenator",5.3,4.1,9,0.773584905660377,1.69811320754717,0.333333333333333
"Middle Cretaceous","Australovenator",9.7,7.2,16.5,0.742268041237113,1.70103092783505,0.333333333333333
"Middle Cretaceous","Australovenator",8.3,10.2,17.8,1.2289156626506,2.14457831325301,0.5
"Middle Cretaceous","Acrocanthosaurus",30.7,19,95.4,0.618892508143323,3.10749185667752,0.416666666666667
"Middle Cretaceous","Acrocanthosaurus",23.1,10.6,58.9,0.458874458874459,2.54978354978355,0.357142857142857
"Middle Cretaceous","Acrocanthosaurus",21.12,16.16,49.12,0.765151515151515,2.32575757575758,0.434782608695652
"Middle Cretaceous","Acrocanthosaurus",28.63,16.61,63.42,0.580160670625218,2.21515892420538,0.375093773443361
"Middle Cretaceous","Acrocanthosaurus",20.56,20.82,49.51,1.01264591439689,2.40807392996109,0.384615384615385
"Middle Cretaceous","Acrocanthosaurus",24.05,16.59,63.44,0.68981288981289,2.63783783783784,0.416666666666667
"Middle Cretaceous","Acrocanthosaurus",26.01,16.87,51.84,0.648596693579393,1.99307958477509,0.375093773443361
"Middle Cretaceous","Acrocanthosaurus",38.87,20.28,90.06,0.521739130434783,2.31695394906097,0.384615384615385
"Middle Cretaceous","Acrocanthosaurus",38.77,22.18,94.96,0.572091823574929,2.44931648181584,0.384615384615385
"Middle Cretaceous","Acrocanthosaurus",27.92,18.59,73.58,0.665830945558739,2.63538681948424,0.333333333333333
"Middle Cretaceous","Acrocanthosaurus",32.97,21.39,66.25,0.64877161055505,2.00940248710949,0.416666666666667
"Middle Cretaceous","Acrocanthosaurus",37.85,21.61,92.03,0.570937912813738,2.43143989431968,0.333333333333333
"Middle Cretaceous","Acrocanthosaurus",33.23,18.83,71.01,0.566656635570268,2.13692446584412,0.434782608695652
"Middle Cretaceous","Acrocanthosaurus",39.85,21.96,91.33,0.551066499372647,2.29184441656211,0.357142857142857
"Middle Cretaceous","Acrocanthosaurus",40.35,19.95,89.18,0.494423791821561,2.21016109045849,0.357142857142857
"Middle Cretaceous","Acrocanthosaurus",31.54,19.1,73.41,0.605580215599239,2.32752060875079,0.344827586206897
"Middle Cretaceous","Acrocanthosaurus",29.47,15.58,62.68,0.528673227010519,2.12690872073295,0.333333333333333
"Middle Cretaceous","Acrocanthosaurus",31.64,18.96,82.62,0.599241466498104,2.61125158027813,0.333333333333333
"Middle Cretaceous","Acrocanthosaurus",30.09,17.36,70.98,0.576935859089398,2.35892323030907,0.333333333333333
"Middle Cretaceous","Acrocanthosaurus",30.89,16.06,62.87,0.519909355778569,2.03528650048559,0.333333333333333
"Middle Cretaceous","Acrocanthosaurus",31.06,16.8,55.84,0.540888602704443,1.79781068898905,0.333333333333333
"Middle Cretaceous","Acrocanthosaurus",27.93,13.63,47.26,0.488005728607232,1.69208736126029,0.333333333333333
"Middle Cretaceous","Acrocanthosaurus",24.87,13.54,39.66,0.54443104141536,1.59469240048251,0.3125
"Middle Cretaceous","Acrocanthosaurus",20.07,11.51,29.11,0.573492775286497,1.45042351768809,0.333333333333333
"Middle Cretaceous","Acrocanthosaurus",31.09,20.01,73.41,0.643615310389193,2.36120939208749,0.353107344632768
"Middle Cretaceous","Acrocanthosaurus",32.27,16.53,68.47,0.51224047102572,2.12178493957236,0.384615384615385
"Middle Cretaceous","Acrocanthosaurus",31.69,16.38,77.54,0.516882297254654,2.44682865257179,0.37037037037037
"Middle Cretaceous","Acrocanthosaurus",30.96,18.08,67.57,0.583979328165375,1.93992248062016,0.4
"Middle Cretaceous","Acrocanthosaurus",32.79,15.19,60.06,0.46325099115584,1.30710582494663,0.39032006245121
"Middle Cretaceous","Acrocanthosaurus",21.7,16.26,52.23,0.749308755760369,2.40691244239631,0.354609929078014
"Middle Cretaceous","Acrocanthosaurus",26.84,16.56,72.35,0.61698956780924,2.69560357675112,0.364963503649635
"Middle Cretaceous","Acrocanthosaurus",26.73,17.56,62.6,0.656939768050879,2.34193789749345,0.352112676056338
"Middle Cretaceous","Acrocanthosaurus",35.24,20.59,79.23,0.58427922814983,2.24829738933031,0.373134328358209
"Middle Cretaceous","Acrocanthosaurus",36.6,20.64,87.09,0.563934426229508,2.37950819672131,0.367647058823529
"Middle Cretaceous","Acrocanthosaurus",42.07,20.74,93.08,0.492987877347278,2.21250297123841,0.387596899224806
"Middle Cretaceous","Acrocanthosaurus",22.43,10.87,33.79,0.484618814088275,1.50646455639768,0.3125
"Middle Cretaceous","Acrocanthosaurus",37.21,21.44,90.75,0.576189196452566,2.43886052136522,0.326797385620915
"Middle Cretaceous","Acrocanthosaurus",40.79,17.86,82.3,0.437852414807551,2.01765138514342,0.416666666666667
"Middle Cretaceous","Acrocanthosaurus",31.94,16.73,66.78,0.523794614902943,2.09079524107702,0.335570469798658
"Middle Cretaceous","Acrocanthosaurus",23.91,17.1,58.55,0.715181932245922,2.44876620660811,0.384615384615385
"Middle Cretaceous","Acrocanthosaurus",29.11,19.33,70.62,0.664032978357952,2.42597045688767,0.434782608695652
"Middle Cretaceous","Acrocanthosaurus",30.6,18.75,60.48,0.612745098039216,1.97647058823529,0.384615384615385
"Middle Cretaceous","Acrocanthosaurus",31.1,17.19,64.85,0.552733118971061,2.08520900321543,0.303030303030303
"Middle Cretaceous","Acrocanthosaurus",26.08,16.58,43.01,0.635736196319018,1.64915644171779,0.37593984962406
"Middle Cretaceous","Acrocanthosaurus",28.26,14.35,47.47,0.507784854918613,1.67975937721161,0.344827586206897
"Middle Cretaceous","Acrocanthosaurus",24.96,13.22,38.96,0.529647435897436,1.56089743589744,0.32258064516129
"Middle Cretaceous","Acrocanthosaurus",20.42,11.46,33.13,0.561214495592556,1.62242899118511,0.333333333333333
"Middle Cretaceous","Acrocanthosaurus",15.37,9.1,16.04,0.59206245933637,1.04359141184125,0.29940119760479
"Middle Cretaceous","Acrocanthosaurus",28.98,16.54,68.15,0.570738440303658,2.35162180814355,0.285714285714286
"Middle Cretaceous","Acrocanthosaurus",31.35,16.71,62.15,0.533014354066986,1.98245614035088,0.390625
"Middle Cretaceous","Carcharodontosaurus",41.46,15.15,71.01,0.365412445730825,1.71273516642547,0.555555555555556
"Middle Cretaceous","Carcharodontosaurus",41.04,14.88,73.96,0.362573099415205,1.80214424951267,0.555555555555556
"Middle Cretaceous","Carcharodontosaurus",41.17,14.88,73.17,0.361428224435268,1.77726499878552,0.555555555555556
"Middle Cretaceous","Carcharodontosaurus",39.91,14.49,73.99,0.363066900526184,1.8539213229767,0.609756097560976
"Middle Cretaceous","Carcharodontosaurus",41.53,15.09,80.68,0.363351793883939,1.94269202985793,0.5
"Middle Cretaceous","Carcharodontosaurus",46.65,16.88,97.55,0.361843515541265,2.09110396570204,0.555555555555556
"Middle Cretaceous","Carcharodontosaurus",40.6,17.1,72,0.421182266009852,1.77339901477832,0.588235294117647
"Middle Cretaceous","Carcharodontosaurus",41.4,16.6,73,0.400966183574879,1.76328502415459,0.526315789473684
"Middle Cretaceous","Carcharodontosaurus",41.1,15.5,69,0.37712895377129,1.67883211678832,0.555555555555556
"Middle Cretaceous","Carcharodontosaurus",40.4,15.9,80.9,0.393564356435644,2.00247524752475,0.5
"Middle Cretaceous","Carcharodontosaurus",45.1,16.8,102.6,0.372505543237251,2.27494456762749,0.588235294117647
"Middle Cretaceous","Carcharodontosaurus",43.8,22.6,85,0.515981735159817,1.94063926940639,0.476190476190476
"Middle Cretaceous","Carcharodontosaurus",30.1,19.3,60.6,0.641196013289037,2.01328903654485,0.434782608695652
"Middle Cretaceous","Carcharodontosaurus",32.1,18.2,67.4,0.566978193146417,2.09968847352025,0.357142857142857
"Middle Cretaceous","Carcharodontosaurus",43.32,23.51,99.25,0.542705447830102,2.29108956602031,0.625
"Middle Cretaceous","Carcharodontosaurus",31.23,14.42,57.22,0.461735510726865,1.83221261607429,0.476190476190476
"Middle Cretaceous","Carcharodontosaurus",26.69,13.63,42.01,0.510678156612964,1.57399775196703,0.454545454545455
"Late Jurassic","Dilong",1.38,1.75,4.77,1.26811594202899,3.45652173913043,0.151515151515152
"Late Jurassic","Dilong",3.78,1.79,7,0.473544973544974,1.85185185185185,0.181818181818182
"Late Jurassic","Dilong",2.88,1.33,4.82,0.461805555555556,1.67361111111111,0.181818181818182
"Late Jurassic","Dilong",2.64,1.88,5.19,0.712121212121212,1.96590909090909,0.173913043478261
"Late Jurassic","Dilong",2.68,2.16,7.3,0.805970149253731,2.72388059701493,0.181818181818182
"Late Jurassic","Dilong",3.53,2.36,7.26,0.668555240793201,2.05665722379603,0.181818181818182
"Late Jurassic","Dilong",3.3,1.74,6.05,0.527272727272727,1.83333333333333,0.192307692307692
"Late Jurassic","Dilong",2.8,1.39,5.8,0.496428571428571,2.07142857142857,0.2
"Late Jurassic","Dilong",2.57,1.98,4.65,0.770428015564202,1.80933852140078,0.181818181818182
"Late Jurassic","Dilong",2.92,1.63,5.84,0.558219178082192,2,0.2
"Late Jurassic","Dilong",2.88,1.34,4.16,0.465277777777778,1.44444444444444,0.208333333333333
"Late Jurassic","Dilong",1.7,2.2,4.8,1.29411764705882,2.82352941176471,0.222222222222222
"Early Cretaceous","Raptorex",2.5,4.2,6.8,1.68,2.72,0.277777777777778
"Early Cretaceous","Raptorex",3.5,5,9,1.42857142857143,2.57142857142857,0.294117647058824
"Early Cretaceous","Raptorex",3.5,4.6,8.8,1.31428571428571,2.51428571428571,0.285714285714286
"Early Cretaceous","Raptorex",2.7,4.6,9.4,1.7037037037037,3.48148148148148,0.285714285714286
"Early Cretaceous","Raptorex",9.5,4.8,16.8,0.505263157894737,1.76842105263158,0.357142857142857
"Early Cretaceous","Raptorex",9.8,4.2,19.4,0.428571428571429,1.97959183673469,0.3125
"Early Cretaceous","Raptorex",8.1,3.3,10,0.407407407407407,1.23456790123457,0.27027027027027
"Early Cretaceous","Raptorex",7.4,3.4,11,0.459459459459459,1.48648648648649,0.25
"Early Cretaceous","Raptorex",9.6,3.8,14.3,0.395833333333333,1.48958333333333,0.272776868521549
"Early Cretaceous","Raptorex",8.9,3.1,14,0.348314606741573,1.57303370786517,0.277777777777778
"Early Cretaceous","Raptorex",10.7,4,19.1,0.373831775700935,1.78504672897196,0.333333333333333
"Early Cretaceous","Raptorex",10.3,4.7,21.2,0.45631067961165,2.05825242718447,0.294117647058824
"Early Cretaceous","Raptorex",8,4.9,18.8,0.6125,2.35,0.32258064516129
"Early Cretaceous","Raptorex",9,3.6,13.4,0.4,1.48888888888889,0.300120048019208
"Early Cretaceous","Raptorex",7,4.2,14.2,0.6,2.02857142857143,0.333333333333333
"Early Cretaceous","Raptorex",8.7,3,12,0.344827586206897,1.37931034482759,0.27027027027027
"Late Cretaceous","Alioramus",12.44,6.7,22.85,0.538585209003215,1.83681672025723,0.37037037037037
"Late Cretaceous","Alioramus",11.98,6,18.66,0.500834724540901,1.5575959933222,0.333333333333333
"Late Cretaceous","Alioramus",11.99,5.59,18.2,0.466221851542952,1.51793160967473,0.333333333333333
"Late Cretaceous","Alioramus",13.68,7.86,34.08,0.574561403508772,2.49122807017544,0.37037037037037
"Late Cretaceous","Alioramus",18.03,8.38,39.84,0.464780920687743,2.20965058236273,0.384615384615385
"Late Cretaceous","Alioramus",16.63,6.25,31.71,0.375826819001804,1.90679494888755,0.357142857142857
"Late Cretaceous","Alioramus",15.81,5.99,26.49,0.37887413029728,1.67552182163188,0.357142857142857
"Late Cretaceous","Alioramus",15.48,5.81,24.21,0.375322997416021,1.56395348837209,0.3125
"Late Cretaceous","Alioramus",12.66,4.92,19.85,0.388625592417062,1.56793048973144,0.3125
"Late Cretaceous","Alioramus",10.92,4.6,16.09,0.421245421245421,1.47344322344322,0.333333333333333
"Late Cretaceous","Alioramus",13.45,6.74,23.44,0.501115241635688,1.74275092936803,0.357142857142857
"Late Cretaceous","Alioramus",12.1,7.19,25.84,0.594214876033058,2.13553719008264,0.37037037037037
"Late Cretaceous","Alioramus",13.12,5.6,22.97,0.426829268292683,1.75076219512195,0.3125
"Late Cretaceous","Alioramus",12.46,5.49,20.39,0.440609951845907,1.63643659711075,0.3125
"Late Cretaceous","Alioramus",12.29,5.49,19.74,0.446704637917006,1.60618388934093,0.357142857142857
"Late Cretaceous","Alioramus",9.55,4.54,13.01,0.475392670157068,1.36230366492147,0.263157894736842
"Late Cretaceous","Gorgosaurus",12.4,11.6,25.53,0.935483870967742,2.05887096774194,0.454545454545455
"Late Cretaceous","Gorgosaurus",17.82,14.25,42.21,0.7996632996633,2.36868686868687,0.4
"Late Cretaceous","Gorgosaurus",21.28,10.77,39.68,0.506109022556391,1.86466165413534,0.454545454545455
"Late Cretaceous","Gorgosaurus",21.24,12.89,43.84,0.606873822975518,2.06403013182674,0.416666666666667
"Late Cretaceous","Gorgosaurus",19.96,13.56,43.31,0.67935871743487,2.16983967935872,0.357142857142857
"Late Cretaceous","Gorgosaurus",17.81,7.67,31.91,0.430656934306569,1.79169006176305,0.4
"Late Cretaceous","Gorgosaurus",18.48,11.41,37,0.617424242424242,2.0021645021645,0.384615384615385
"Late Cretaceous","Gorgosaurus",17.72,9.21,31.3,0.519751693002257,1.76636568848758,0.333333333333333
"Late Cretaceous","Gorgosaurus",13.69,8.83,22.19,0.64499634769905,1.6208911614317,0.357142857142857
"Late Cretaceous","Gorgosaurus",26.48,13.4,54.85,0.506042296072508,2.0713746223565,0.434782608695652
"Late Cretaceous","Gorgosaurus",20.55,10.57,40.31,0.514355231143552,1.96155717761557,0.454545454545455
"Late Cretaceous","Gorgosaurus",22.2,15.8,40,0.711711711711712,1.8018018018018,0.5
"Late Cretaceous","Gorgosaurus",20.6,14.6,38.9,0.70873786407767,1.88834951456311,0.476190476190476
"Late Cretaceous","Gorgosaurus",20.3,14.9,42.5,0.733990147783251,2.0935960591133,0.5
"Late Cretaceous","Gorgosaurus",16.6,12.4,29.6,0.746987951807229,1.78313253012048,0.454545454545455
"Late Cretaceous","Gorgosaurus",17.9,12.6,27,0.70391061452514,1.50837988826816,0.434782608695652
"Late Cretaceous","Gorgosaurus",14.83,7.88,29.05,0.531355360755226,1.95886716115981,0.333333333333333
"Late Cretaceous","Gorgosaurus",14.59,8.72,29.83,0.597669636737492,2.04455106237149,0.333333333333333
"Late Cretaceous","Gorgosaurus",13.69,7.51,23.65,0.548575602629657,1.72753834915997,0.333333333333333
"Late Cretaceous","Gorgosaurus",9.65,7.51,20.09,0.778238341968912,2.08186528497409,0.37037037037037
"Late Cretaceous","Gorgosaurus",19.01,9.84,42.29,0.5176223040505,2.22461862177801,0.37037037037037
"Late Cretaceous","Gorgosaurus",16.15,8.81,35.22,0.545510835913313,2.18080495356037,0.32258064516129
"Late Cretaceous","Gorgosaurus",15.48,8.13,29.09,0.525193798449612,1.87919896640827,0.303030303030303
"Late Cretaceous","Gorgosaurus",14.64,9.31,28.6,0.635928961748634,1.95355191256831,0.357142857142857
"Late Cretaceous","Gorgosaurus",14.07,6.79,21.42,0.482587064676617,1.52238805970149,0.294117647058824
"Late Cretaceous","Daspletosaurus",28.83,19.82,55.99,0.687478321193202,1.94207422823448,0.5
"Late Cretaceous","Daspletosaurus",26.37,17.7,44.57,0.671217292377702,1.69017823284035,0.5
"Late Cretaceous","Daspletosaurus",24.47,18.46,53.37,0.754393134450347,2.18103800572129,0.5
"Late Cretaceous","Daspletosaurus",10.14,16.63,30.91,1.64003944773176,3.04832347140039,0.25
"Late Cretaceous","Daspletosaurus",28.99,20.3,56.18,0.700241462573301,1.93790962400828,0.5
"Late Cretaceous","Daspletosaurus",26.79,18.15,43.82,0.677491601343785,1.63568495707354,0.416666666666667
"Late Cretaceous","Daspletosaurus",25.87,18.3,54.4,0.707383069192114,2.10282180131426,0.476190476190476
"Late Cretaceous","Daspletosaurus",16.62,11.37,23.14,0.684115523465704,1.39229843561974,0.333333333333333
"Late Cretaceous","Daspletosaurus",26.85,20.4,60.8,0.759776536312849,2.26443202979516,0.555555555555556
"Late Cretaceous","Daspletosaurus",27,22.63,74.78,0.838148148148148,2.76962962962963,0.454545454545455
"Late Cretaceous","Daspletosaurus",18.02,12.68,36.43,0.703662597114317,2.02164261931188,0.446428571428571
"Late Cretaceous","Daspletosaurus",22.88,17.81,52.62,0.778409090909091,2.29982517482518,0.5
"Late Cretaceous","Daspletosaurus",22.53,16.63,49.57,0.738126941855304,2.20017754105637,0.555555555555556
"Late Cretaceous","Daspletosaurus",22.32,12.29,46.78,0.550627240143369,2.09587813620072,0.5
"Late Cretaceous","Daspletosaurus",19.19,12.17,34.93,0.634184471078687,1.82021886399166,0.454545454545455
"Late Cretaceous","Daspletosaurus",33.24,23.64,74.88,0.711191335740072,2.25270758122744,0.588235294117647
"Late Cretaceous","Daspletosaurus",30.51,18.3,60.01,0.599803343166175,1.96689609963946,0.434782608695652
"Late Cretaceous","Daspletosaurus",24.58,15.79,45.24,0.642392188771359,1.84052074857608,0.4
"Late Cretaceous","Albertosaurus",22.8,13,45.9,0.570175438596491,2.01315789473684,0.454545454545455
"Late Cretaceous","Albertosaurus",30.85,16.19,67.51,0.524797406807131,2.18833063209076,0.555555555555556
"Late Cretaceous","Albertosaurus",25.79,14.15,52.7,0.548662272198527,2.04342768514928,0.454545454545455
"Late Cretaceous","Albertosaurus",30.87,19.72,70.27,0.638807904114027,2.27632005183026,0.555555555555556
"Late Cretaceous","Albertosaurus",33.26,19.54,76.39,0.58749248346362,2.29675285628382,0.555555555555556
"Late Cretaceous","Albertosaurus",33.84,18.68,74.92,0.552009456264775,2.21394799054374,0.555555555555556
"Late Cretaceous","Albertosaurus",29.02,16.6,62.1,0.572019297036527,2.13990351481737,0.555555555555556
"Late Cretaceous","Albertosaurus",31.78,18.01,63.77,0.566708621774701,2.00660792951542,0.5
"Late Cretaceous","Albertosaurus",29.48,16.66,57.41,0.565128900949797,1.94742198100407,0.5
"Late Cretaceous","Albertosaurus",21.88,14.62,41.58,0.66819012797075,1.90036563071298,0.416666666666667
"Late Cretaceous","Albertosaurus",14.62,9.1,25.28,0.622435020519836,1.72913816689467,0.377358490566038
"Late Cretaceous","Tyrannosaurus",24,36.06,63.65,1.5025,1.76511369938991,0.704225352112676
"Late Cretaceous","Tyrannosaurus",45.46,32.63,94.06,0.717773867135944,2.06907171139463,0.666666666666667
"Late Cretaceous","Tyrannosaurus",39.41,27.18,75.75,0.689672671910683,1.92210098959655,0.602409638554217
"Late Cretaceous","Tyrannosaurus",38.56,26.2,72.55,0.679460580912863,1.88148340248963,0.568181818181818
"Late Cretaceous","Tyrannosaurus",44.86,32.6,91.12,0.726705305394561,2.03120820329915,0.714285714285714
"Late Cretaceous","Tyrannosaurus",47.69,37.58,105.26,0.788005871251835,2.20717131474104,0.714285714285714
"Late Cretaceous","Tyrannosaurus",46.74,37.21,108.82,0.796106118955926,2.32819854514335,0.714285714285714
"Late Cretaceous","Tyrannosaurus",35.65,23.48,61.04,0.658625525946704,1.71220196353436,0.555555555555556
"Late Cretaceous","Tyrannosaurus",27.86,18.18,45.96,0.652548456568557,1.64967695620962,0.5
"Late Cretaceous","Tyrannosaurus",18.96,13.2,29.72,0.69620253164557,1.56751054852321,0.416666666666667
"Late Cretaceous","Tyrannosaurus",24.51,40.76,75.03,1.66299469604243,1.84077526987242,0.714285714285714
"Late Cretaceous","Tyrannosaurus",26.47,19.13,44.29,0.722704948998867,1.67321496033245,0.476190476190476
"Late Cretaceous","Tyrannosaurus",52.07,32.67,87.42,0.6274246207029,1.67889379681198,0.769230769230769
"Late Cretaceous","Tyrannosaurus",48.74,33.94,88.87,0.696347968814116,1.8233483791547,0.714285714285714
"Late Cretaceous","Tyrannosaurus",40.21,27.37,78.09,0.680676448644616,1.94205421536931,0.555555555555556
"Late Cretaceous","Tyrannosaurus",34.49,25.71,66.25,0.745433458973616,1.92084662220934,0.625
"Late Cretaceous","Tyrannosaurus",34.69,24.51,63.57,0.706543672528106,1.83251657538195,0.555555555555556
"Late Cretaceous","Tyrannosaurus",16.3,35.6,57.2,2.1840490797546,3.50920245398773,0.714285714285714
"Late Cretaceous","Tyrannosaurus",35,38.2,96.3,1.09142857142857,2.75142857142857,0.666666666666667
"Late Cretaceous","Tyrannosaurus",31,10.2,54,0.329032258064516,1.74193548387097,0.555555555555556
"Late Cretaceous","Tyrannosaurus",14.6,6,28.3,0.410958904109589,1.93835616438356,0.357142857142857
"Late Cretaceous","Tyrannosaurus",34.2,21.3,60.68,0.62280701754386,1.77426900584795,0.526315789473684
"Late Cretaceous","Tyrannosaurus",42.86,28.35,72.67,0.661455902939804,1.69552029864676,0.454545454545455
"Late Cretaceous","Tyrannosaurus",37.34,22.82,65.11,0.611140867702196,1.74370648098554,0.480769230769231
"Late Cretaceous","Tyrannosaurus",33.72,24.44,55.11,0.72479240806643,1.63434163701068,0.462962962962963
"Late Cretaceous","Tyrannosaurus",46.05,33.78,91,0.733550488599349,1.97611292073833,0.714285714285714
"Late Cretaceous","Tyrannosaurus",39.29,31.25,78,0.795367778060575,1.9852379740392,0.555555555555556
"Late Cretaceous","Tyrannosaurus",38.23,27.07,75,0.708082657598745,1.96181009678263,0.588235294117647
"Late Cretaceous","Tyrannosaurus",35,26.6,65,0.76,1.85714285714286,0.555555555555556
"Late Cretaceous","Tyrannosaurus",31.5,21,55,0.666666666666667,1.74603174603175,0.588235294117647
"Late Cretaceous","Tyrannosaurus",14.27,27.38,44.22,1.9187105816398,1.61504747991234,0.505050505050505
"Late Cretaceous","Tyrannosaurus",21.75,34.87,58.66,1.6032183908046,1.68224835101807,0.510204081632653
"Late Cretaceous","Tyrannosaurus",18.04,31.75,50.14,1.759977827051,1.5792125984252,0.588235294117647
"Late Cretaceous","Tyrannosaurus",19.03,30.05,52.8,1.57908565423016,1.75707154742096,0.574712643678161
"Late Cretaceous","Tyrannosaurus",45.88,34.97,93.68,0.762205754141238,2.04184829991282,0.649350649350649
"Late Cretaceous","Tyrannosaurus",51.98,34.23,102.21,0.658522508657176,1.96633320507888,0.694444444444444
"Late Cretaceous","Tyrannosaurus",48.63,33.03,115.3,0.679210363972856,2.3709644252519,0.609756097560976
"Late Cretaceous","Tyrannosaurus",49.71,29.58,103.42,0.595051297525649,2.08046670690002,0.625
"Late Cretaceous","Tyrannosaurus",48.15,31.47,94.89,0.653582554517134,1.97071651090343,0.714285714285714
"Late Cretaceous","Tyrannosaurus",38.48,27.2,73.7,0.706860706860707,1.91528066528067,1.11111111111111
"Late Cretaceous","Tyrannosaurus",29.25,19.01,48.55,0.64991452991453,1.65982905982906,0.490196078431373
"Late Cretaceous","Tyrannosaurus",32.08,21.86,55.34,0.68142144638404,1.72506234413965,0.505050505050505
"Late Cretaceous","Tyrannosaurus",21.25,14.57,31.96,0.685647058823529,1.504,0.357142857142857
"Late Cretaceous","Tyrannosaurus",40.19,23.64,66.28,0.588206021398358,1.64916645931824,0.555555555555556
"Late Cretaceous","Tyrannosaurus",26.23,18.32,45.17,0.698436904308044,1.72207396111323,0.561797752808989
"Late Cretaceous","Tyrannosaurus",40.66,26.36,71.99,0.648303000491884,1.77053615346778,0.609756097560976
"Late Cretaceous","Tyrannosaurus",46.2,32.7,94.97,0.707792207792208,2.05562770562771,0.714285714285714
"Late Cretaceous","Tyrannosaurus",46.28,31.88,89.01,0.688850475367329,1.9232929991357,0.649350649350649
"Late Cretaceous","Tyrannosaurus",37.65,27.74,62.01,0.736786188579017,1.64701195219123,0.625
"Late Cretaceous","Tyrannosaurus",33.38,23.15,50.54,0.693529059316956,1.51408028759736,0.531914893617021
"Late Cretaceous","Tyrannosaurus",30.62,21.42,46.83,0.699542782495101,1.52939255388635,0.543478260869565
"Late Cretaceous","Tyrannosaurus",28.05,20.44,41.56,0.728698752228164,1.48163992869875,0.480769230769231
"Late Cretaceous","Tyrannosaurus",15.01,9.22,15.85,0.614257161892072,1.05596269153897,0.318471337579618
"Late Cretaceous","Tyrannosaurus",45.89,32.17,77.74,0.701024188276313,1.69405099150142,0.714285714285714
"Late Cretaceous","Tyrannosaurus",33.12,24.75,54.12,0.747282608695652,1.63405797101449,0.5
"Late Cretaceous","Tyrannosaurus",23.64,16.61,30.34,0.702622673434856,1.2834179357022,0.458715596330275
"Late Cretaceous","Tyrannosaurus",18.52,13.56,21.91,0.732181425485961,1.18304535637149,0.357142857142857
"Late Cretaceous","Tyrannosaurus",16.45,29.84,42.55,1.81398176291793,1.42593833780161,0.520833333333333
"Late Cretaceous","Tyrannosaurus",19.46,30.94,45.42,1.58992805755396,1.46800258564964,0.526315789473684
"Late Cretaceous","Tyrannosaurus",16.94,29.93,43.64,1.7668240850059,1.45806882726362,0.625
"Late Cretaceous","Tyrannosaurus",21.18,31.86,54.62,1.5042492917847,1.71437539234149,0.561797752808989
"Late Cretaceous","Tyrannosaurus",38.89,31.57,85.47,0.811776806376961,2.19773720750836,0.595238095238095
"Late Cretaceous","Tyrannosaurus",41.46,30.59,103.98,0.737819585142306,2.50795947901592,0.641025641025641
"Late Cretaceous","Tyrannosaurus",48.6,31.17,102.44,0.641358024691358,2.10781893004115,0.666666666666667
"Late Cretaceous","Tyrannosaurus",38.37,24.42,77.64,0.636434714620798,2.02345582486317,0.675675675675676
"Late Cretaceous","Tyrannosaurus",40.01,25.31,79.7,0.632591852036991,1.99200199950013,0.675675675675676
"Late Cretaceous","Tyrannosaurus",37.54,26.05,82.14,0.693926478423015,2.18806606286628,0.602409638554217
"Late Cretaceous","Tyrannosaurus",25.92,16.46,37.57,0.635030864197531,1.44945987654321,0.476190476190476
"Late Cretaceous","Tyrannosaurus",50.01,33.93,104.06,0.678464307138572,2.08078384323135,0.625
"Late Cretaceous","Tyrannosaurus",49.49,34.82,100.89,0.703576480096989,2.0385936552839,0.769230769230769
"Late Cretaceous","Tyrannosaurus",36.77,28.68,81.6,0.779983682349742,2.21920043513734,0.714285714285714
"Late Cretaceous","Tyrannosaurus",47.17,32.77,117.06,0.694721221115116,2.48166207335171,0.666666666666667
"Late Cretaceous","Tyrannosaurus",46.68,36.68,108.53,0.785775492716367,2.32497857754927,0.746268656716418
"Late Cretaceous","Tyrannosaurus",43.6,27.5,87.85,0.630733944954128,2.01490825688073,0.625
"Late Cretaceous","Tyrannosaurus",42.51,26.68,91.27,0.627617031286756,2.14702422959304,0.641025641025641
"Late Cretaceous","Tyrannosaurus",30.97,20.17,51.14,0.651275427833387,1.65127542783339,0.588235294117647
"Late Cretaceous","Tyrannosaurus",48,33.14,105.46,0.690416666666667,2.19708333333333,0.714285714285714
"Late Cretaceous","Tyrannosaurus",22.5,12.83,32.08,0.570222222222222,1.42577777777778,0.555555555555556
"Late Cretaceous","Tyrannosaurus",44.9,32.89,105.61,0.732516703786192,2.35211581291759,0.746268656716418
"Late Cretaceous","Tyrannosaurus",42.37,28.11,96.28,0.663441113995752,2.2723625206514,0.666666666666667
"Late Cretaceous","Tyrannosaurus",40.22,28.37,82.23,0.705370462456489,2.04450522128294,0.714285714285714
"Late Cretaceous","Tyrannosaurus",39.1,26.46,74.66,0.676726342710997,1.90946291560102,0.555555555555556
"Late Cretaceous","Tyrannosaurus",34.77,25.6,68.24,0.736266896750072,1.96261144664941,0.666666666666667
"Late Cretaceous","Tyrannosaurus",30.92,20.59,55.57,0.665912031047865,1.79721862871928,0.588235294117647
"Late Cretaceous","Tyrannosaurus",46.11,30.97,99.03,0.671654738668402,2.1476903057905,0.714285714285714
"Late Cretaceous","Tyrannosaurus",30.6,44.5,82.8,1.45424836601307,2.70588235294118,0.625
"Late Cretaceous","Tyrannosaurus",43.4,37.6,93.5,0.866359447004608,2.15437788018433,0.769230769230769
"Late Cretaceous","Tyrannosaurus",38.4,32.6,77,0.848958333333333,2.00520833333333,0.625
"Late Cretaceous","Tyrannosaurus",34.2,28.3,66.9,0.827485380116959,1.95614035087719,0.625
"Late Cretaceous","Tyrannosaurus",20.2,15.8,26.2,0.782178217821782,1.2970297029703,0.416666666666667
"Late Cretaceous","Tyrannosaurus",16.5,23.6,37.2,1.43030303030303,2.25454545454545,0.625
"Late Cretaceous","Tyrannosaurus",38.1,48.6,95.6,1.2755905511811,2.50918635170604,0.714285714285714
"Late Cretaceous","Tyrannosaurus",40.4,42.1,87.7,1.04207920792079,2.17079207920792,0.666666666666667
"Late Cretaceous","Tyrannosaurus",35.7,31.7,67.7,0.887955182072829,1.89635854341737,0.555555555555556
"Late Cretaceous","Tyrannosaurus",34.8,26.4,67.8,0.7586,1.94827586206897,0.555555555555556
"Late Cretaceous","Tyrannosaurus",29.1,22.1,46.4,0.759450171821306,1.59450171821306,0.555555555555556
"Late Cretaceous","Tyrannosaurus",51.1,38.04,92.07,0.744422700587084,1.80176125244618,0.555555555555556
"Late Cretaceous","Tyrannosaurus",46.93,35.35,82.01,0.75324952056254,1.74749627104198,0.5
"Late Cretaceous","Tyrannosaurus",41.69,31.29,70.93,0.750539697769249,1.70136723434876,0.588235294117647
"Late Cretaceous","Tyrannosaurus",21.5,16.32,34.05,0.75906976744186,1.58372093023256,0.384615384615385
"Late Cretaceous","Tyrannosaurus",25.56,18.09,35.01,0.707746478873239,1.36971830985915,0.454545454545455
"Late Cretaceous","Tyrannosaurus",48.46,37.48,97.52,0.773421378456459,2.01238134543954,0.666666666666667
"Late Cretaceous","Tyrannosaurus",47.34,37.21,96.12,0.786016054076891,2.03041825095057,0.555555555555556
"Late Cretaceous","Tyrannosaurus",39.08,28.71,68.04,0.734646878198567,1.7410440122825,0.454545454545455
"Late Cretaceous","Tyrannosaurus",38.54,29.2,61.14,0.757654385054489,1.58640373637779,0.714285714285714
"Late Cretaceous","Tyrannosaurus",23.88,17.22,31.45,0.721105527638191,1.31700167504188,0.476190476190476
"Late Cretaceous","Tyrannosaurus",17.83,12.06,16.35,0.676388109927089,0.916993830622546,0.454545454545455
"Late Cretaceous","Tyrannosaurus",40.46,28.55,76.12,0.705635195254572,1.88136431043005,0.649350649350649
"Late Cretaceous","Tyrannosaurus",38.87,33.12,65.23,0.85207100591716,1.6781579624389,0.666666666666667
"Late Cretaceous","Tyrannosaurus",32.59,26.99,56.6,0.828168149739184,1.73672905799325,0.625
"Late Cretaceous","Tyrannosaurus",30.49,22.12,45.63,0.725483765168908,1.49655624795015,0.555555555555556
"Late Cretaceous","Tyrannosaurus",23.98,16.12,32.38,0.672226855713094,1.35029190992494,0.476190476190476
"Late Cretaceous","Tyrannosaurus",18.37,10.35,22.51,0.563418617310833,1.22536744692433,0.357142857142857
"Late Cretaceous","Tyrannosaurus",42.1,25.8,88.82,0.612826603325416,2.10973871733967,0.588235294117647
"Late Cretaceous","Tyrannosaurus",38.1,23.9,73.35,0.627296587926509,1.9251968503937,0.5
"Late Cretaceous","Tyrannosaurus",42.1,28.9,76.02,0.68646080760095,1.80570071258907,0.588235294117647
"Late Cretaceous","Tyrannosaurus",16.2,11,17.75,0.679012345679012,1.09567901234568,0.357142857142857
"Late Cretaceous","Tyrannosaurus",54.5,34.4,117.1,0.631192660550459,2.14862385321101,0.625
"Late Cretaceous","Tyrannosaurus",47.8,32.6,100.5,0.682008368200837,2.10251046025105,0.5
"Late Cretaceous","Tyrannosaurus",47.6,33.9,96.94,0.71218487394958,2.03655462184874,0.714285714285714
"Late Cretaceous","Tyrannosaurus",37.2,27.1,60.98,0.728494623655914,1.63924731182796,0.625
"Late Cretaceous","Tyrannosaurus",45.4,35,83.09,0.770925110132159,1.83017621145374,0.5
"Late Cretaceous","Tyrannosaurus",42,30.5,71.36,0.726190476190476,1.69904761904762,0.555555555555556
"Late Cretaceous","Tyrannosaurus",41.3,33.5,72.95,0.811138014527845,1.76634382566586,0.5
"Late Cretaceous","Tyrannosaurus",28.8,19,48.26,0.659722222222222,1.67569444444444,0.384615384615385
"Late Cretaceous","Tyrannosaurus",19.1,14,27.02,0.732984293193717,1.41465968586387,0.357142857142857
"Late Cretaceous","Bambiraptor",2.47,1.42,5.91,0.574898785425101,2.39271255060729,0.2
"Late Cretaceous","Bambiraptor",2.77,1.21,5.56,0.436823104693141,2.0072202166065,0.166666666666667
"Late Cretaceous","Bambiraptor",2.56,1.28,5.61,0.5,2.19140625,0.166666666666667
"Late Cretaceous","Bambiraptor",2.85,1.33,6.13,0.466666666666667,2.15087719298246,0.2
"Late Cretaceous","Bambiraptor",3.3,1.47,6.43,0.445454545454545,1.94848484848485,0.206611570247934
"Late Cretaceous","Bambiraptor",2.64,1.33,6.22,0.503787878787879,2.35606060606061,0.153846153846154
"Late Cretaceous","Bambiraptor",2.37,1.41,5.33,0.594936708860759,2.24894514767932,0.2
"Late Cretaceous","Bambiraptor",2.34,1.41,5.01,0.602564102564103,2.14102564102564,0.2
"Late Cretaceous","Bambiraptor",2.37,1.61,4.91,0.679324894514768,2.07172995780591,0.166666666666667
"Late Cretaceous","Bambiraptor",2.47,1.24,5.58,0.502024291497976,2.25910931174089,0.166666666666667
"Late Cretaceous","Bambiraptor",2.61,1.41,5.99,0.540229885057471,2.29501915708812,0.2
"Late Cretaceous","Bambiraptor",2.35,1.2,5.86,0.51063829787234,2.4936170212766,0.206611570247934
"Late Cretaceous","Bambiraptor",2.54,0.99,4.62,0.389763779527559,1.81889763779528,0.153846153846154
"Late Cretaceous","Bambiraptor",3.22,1.37,5.66,0.425465838509317,1.75776397515528,0.210970464135021
"Middle Cretaceous","Deinonychus",5.03,2.99,8.94,0.594433399602386,1.77733598409543,0.303030303030303
"Middle Cretaceous","Deinonychus",7.06,3.2,10.44,0.453257790368272,1.47875354107649,0.297619047619048
"Middle Cretaceous","Deinonychus",6.68,3.02,9.88,0.452095808383234,1.47904191616766,0.285714285714286
"Middle Cretaceous","Deinonychus",7.25,3.38,11.07,0.466206896551724,1.52689655172414,0.307692307692308
"Middle Cretaceous","Deinonychus",7.06,2.89,9.82,0.409348441926346,1.39093484419263,0.266666666666667
"Middle Cretaceous","Deinonychus",4.94,2.51,6.23,0.508097165991903,1.26113360323887,0.266666666666667
"Middle Cretaceous","Deinonychus",9.28,3.26,14.25,0.351293103448276,1.53556034482759,0.37037037037037
"Middle Cretaceous","Deinonychus",7.26,4.11,15.72,0.566115702479339,2.16528925619835,0.307692307692308
"Middle Cretaceous","Deinonychus",8.84,3.96,15.28,0.447963800904977,1.72850678733032,0.32258064516129
"Middle Cretaceous","Deinonychus",6.96,2.92,9.78,0.419540229885057,1.4051724137931,0.260960334029228
"Middle Cretaceous","Deinonychus",8.02,4.63,15.64,0.577306733167082,1.9501246882793,0.333333333333333
"Middle Cretaceous","Deinonychus",7.91,4.61,16.6,0.582806573957017,2.09860935524652,0.315855969677827
"Middle Cretaceous","Deinonychus",9.84,4.8,18.81,0.48780487804878,1.91158536585366,0.3125
"Middle Cretaceous","Deinonychus",8.24,4.29,13.85,0.520631067961165,1.68082524271845,0.315855969677827
"Middle Cretaceous","Deinonychus",7.9,4.39,14.49,0.555696202531646,1.83417721518987,0.285714285714286
"Middle Cretaceous","Deinonychus",9.14,4.39,15.16,0.480306345733041,1.65864332603939,0.260960334029228
"Middle Cretaceous","Deinonychus",5.07,3,8.85,0.591715976331361,1.74556213017751,0.290697674418605
"Middle Cretaceous","Deinonychus",7.07,3.2,10.07,0.452616690240453,1.42432814710042,0.285714285714286
"Middle Cretaceous","Deinonychus",6.76,2.93,9.56,0.433431952662722,1.41420118343195,0.306748466257669
"Middle Cretaceous","Deinonychus",6.74,2.8,9.14,0.415430267062315,1.35608308605341,0.280898876404494
"Middle Cretaceous","Deinonychus",5.35,2.41,6.53,0.450467289719626,1.22056074766355,0.285714285714286
"Middle Cretaceous","Deinonychus",7.15,3.23,11.01,0.451748251748252,1.53986013986014,0.285714285714286
"Middle Cretaceous","Deinonychus",7.04,3.2,12.23,0.454545454545455,1.73721590909091,0.285714285714286
"Middle Cretaceous","Deinonychus",7.13,4,13.58,0.561009817671809,1.90462833099579,0.333333333333333
"Middle Cretaceous","Deinonychus",5.74,3.2,11.79,0.557491289198606,2.05400696864111,0.25
"Middle Cretaceous","Deinonychus",6.11,2.58,8.77,0.422258592471358,1.43535188216039,0.289017341040462
"Late Cretaceous","Dromaeosaurus",7.95,4.84,17.97,0.608805031446541,2.26037735849057,0.285714285714286
"Late Cretaceous","Dromaeosaurus",6.91,4.18,12.34,0.604920405209841,1.78581765557164,0.307692307692308
"Late Cretaceous","Dromaeosaurus",5.99,4.45,12.8,0.742904841402337,2.13689482470785,0.25
"Late Cretaceous","Dromaeosaurus",6.19,3.97,13.78,0.641357027463651,2.22617124394184,0.315855969677827
"Late Cretaceous","Dromaeosaurus",5.57,3.26,10.14,0.585278276481149,1.82046678635548,0.266666666666667
"Late Cretaceous","Dromaeosaurus",6.18,3.48,9.98,0.563106796116505,1.61488673139159,0.222222222222222
"Late Cretaceous","Dromaeosaurus",4.45,4.2,10.87,0.943820224719101,2.44269662921348,0.353107344632768
"Late Cretaceous","Dromaeosaurus",4.99,5.99,13.15,1.20040080160321,2.63527054108216,0.333333333333333
"Late Cretaceous","Dromaeosaurus",4.22,4.15,9.02,0.983412322274882,2.13744075829384,0.333333333333333
"Late Cretaceous","Dromaeosaurus",7.21,4.06,12.86,0.563106796116505,1.78363384188627,0.294117647058824
"Late Cretaceous","Dromaeosaurus",6.84,3.7,11.58,0.54093567251462,1.69298245614035,0.25
"Late Cretaceous","Dromaeosaurus",7.64,4.02,12.38,0.526178010471204,1.62041884816754,0.285714285714286
"Late Cretaceous","Dromaeosaurus",6.28,3.13,10.68,0.498407643312102,1.70063694267516,0.25
"Late Cretaceous","Dromaeosaurus",6.69,3.32,10.98,0.49626307922272,1.64125560538117,0.285714285714286
"Late Cretaceous","Dromaeosaurus",6.09,3.81,11.55,0.625615763546798,1.89655172413793,0.333333333333333
"Late Cretaceous","Dromaeosaurus",6.47,3.91,11.22,0.604327666151468,1.73415765069552,0.285714285714286
"Late Cretaceous","Dromaeosaurus",6.56,3.89,11.27,0.592987804878049,1.71798780487805,0.285714285714286
"Late Cretaceous","Dromaeosaurus",5.56,3.27,8.52,0.588129496402878,1.53237410071942,0.285714285714286
"Late Cretaceous","Velociraptor",3.74,1.49,6.19,0.398395721925134,1.65508021390374,0.142857142857143
"Late Cretaceous","Velociraptor",3.89,1.76,5.9,0.452442159383033,1.51670951156812,0.166666666666667
"Late Cretaceous","Velociraptor",4.75,1.8,7.89,0.378947368421053,1.66105263157895,0.166666666666667
"Late Cretaceous","Velociraptor",2.74,1.17,5.12,0.427007299270073,1.86861313868613,0.153846153846154
"Late Cretaceous","Velociraptor",4.26,1.74,7.81,0.408450704225352,1.83333333333333,0.181818181818182
"Late Cretaceous","Velociraptor",5.15,1.97,7.29,0.38252427184466,1.41553398058252,0.2
"Late Cretaceous","Velociraptor",5.35,1.9,7.74,0.355140186915888,1.44672897196262,0.2
"Late Cretaceous","Velociraptor",4.61,1.63,5.53,0.353579175704989,1.19956616052061,0.2
"Late Cretaceous","Velociraptor",4.24,1.7,4.9,0.400943396226415,1.15566037735849,0.166666666666667
"Late Cretaceous","Velociraptor",4.17,1.45,6.7,0.347721822541966,1.60671462829736,0.181818181818182
"Late Cretaceous","Velociraptor",4.35,2.15,7.91,0.494252873563218,1.8183908045977,0.166666666666667
"Late Cretaceous","Velociraptor",3.95,1.61,6.93,0.407594936708861,1.75443037974684,0.2
"Late Cretaceous","Velociraptor",3.11,0.8,4.69,0.257234726688103,1.508038585209,0.166666666666667
"Late Cretaceous","Velociraptor",2.42,1.17,4.25,0.483471074380165,1.75619834710744,0.166666666666667
"Late Cretaceous","Velociraptor",4.47,2.79,7.62,0.624161073825503,1.70469798657718,0.2
"Late Cretaceous","Velociraptor",6.14,2.46,9.85,0.400651465798046,1.6042345276873,0.2
"Late Cretaceous","Velociraptor",5.99,2.4,9.93,0.400667779632721,1.65776293823038,0.25
"Late Cretaceous","Velociraptor",4.72,1.55,6.8,0.328389830508475,1.44067796610169,0.222222222222222
"Late Cretaceous","Velociraptor",4.59,2,9.25,0.435729847494553,2.01525054466231,0.2
"Late Cretaceous","Richardoestesia",3.5,1.5,7.5,0.428571428571429,2.14285714285714,0.153846153846154
"Late Cretaceous","Richardoestesia",2.8,1.3,6.8,0.464285714285714,2.42857142857143,0.125
"Late Cretaceous","Richardoestesia",3.2,1.2,8.5,0.375,2.65625,0.1
"Late Cretaceous","Richardoestesia",1.9,0.9,5.2,0.473684210526316,2.73684210526316,0.0833333333333333
"Late Cretaceous","Richardoestesia",2.5,1.3,5,0.52,2,0.125
"Late Cretaceous","Richardoestesia",3.6,1.7,12.5,0.472222222222222,3.47222222222222,0.166666666666667
"Late Cretaceous","Richardoestesia",3.9,2.5,5.4,0.641025641025641,1.38461538461538,0.133333333333333
"Late Cretaceous","Richardoestesia",1.9,0.7,3,0.368421052631579,1.57894736842105,0.0833333333333333
"Late Cretaceous","Richardoestesia",1.9,0.7,2.9,0.368421052631579,1.52631578947368,0.0833333333333333
"Late Cretaceous","Richardoestesia",4.5,2.1,11,0.466666666666667,2.44444444444444,0.166666666666667
"Late Cretaceous","Richardoestesia",2.3,1.1,5.8,0.478260869565217,2.52173913043478,0.117647058823529
"Late Cretaceous","Richardoestesia",2.1,1.1,4.5,0.523809523809524,2.14285714285714,0.125
"Late Cretaceous","Richardoestesia",2.3,1.2,5.5,0.521739130434783,2.39130434782609,0.1
"Late Cretaceous","Richardoestesia",3.7,1.7,9.5,0.459459459459459,2.56756756756757,0.142857142857143
"Late Cretaceous","Richardoestesia",3,1.6,7.2,0.533333333333333,2.4,0.142857142857143
"Late Cretaceous","Richardoestesia",3.1,1.5,9.7,0.483870967741935,3.12903225806452,0.142857142857143
"Late Cretaceous","Richardoestesia",2.4,0.8,3.3,0.333333333333333,1.375,0.1
"Late Cretaceous","Richardoestesia",2,0.7,2.7,0.35,1.35,0.0833333333333333
"Late Cretaceous","Richardoestesia",2,1,3.7,0.5,1.85,0.0833333333333333
"Late Cretaceous","Richardoestesia",1.8,0.7,2.3,0.388888888888889,1.27777777777778,0.0833333333333333
"Late Cretaceous","Richardoestesia",2.2,0.8,3.3,0.363636363636364,1.5,0.0833333333333333
"Late Cretaceous","Richardoestesia",1.4,0.6,2.4,0.428571428571429,1.71428571428571,0.0833333333333333
"Late Cretaceous","Richardoestesia",1.9,0.7,2.5,0.368421052631579,1.31578947368421,0.0833333333333333
"Late Cretaceous","Richardoestesia",3.1,1.8,6,0.580645161290323,1.93548387096774,0.227272727272727
"Late Cretaceous","Richardoestesia",2,0.9,2.5,0.45,1.25,0.1
"Late Cretaceous","Richardoestesia",1.7,0.7,3,0.411764705882353,1.76470588235294,0.0909090909090909
"Late Cretaceous","Richardoestesia",1.7,1,3.5,0.588235294117647,2.05882352941176,0.1
"Late Cretaceous","Richardoestesia",1.8,0.9,2.3,0.5,1.27777777777778,0.111111111111111
"Late Cretaceous","Richardoestesia",2,1,4,0.5,2,0.0833333333333333
"Late Cretaceous","Richardoestesia",4.7,2.3,12.3,0.48936170212766,2.61702127659574,0.190114068441065
"Late Cretaceous","Richardoestesia",3.7,1.6,8.3,0.432432432432432,2.24324324324324,0.142857142857143
"Late Cretaceous","Richardoestesia",3.5,1.5,5.5,0.428571428571429,1.57142857142857,0.142857142857143
"Late Cretaceous","Richardoestesia",4,1.7,10,0.425,2.5,0.142857142857143
"Late Cretaceous","Richardoestesia",2.9,1,5.3,0.344827586206897,1.82758620689655,0.142857142857143
"Late Cretaceous","Richardoestesia",2.8,0.9,5.2,0.321428571428571,1.85714285714286,0.142857142857143
"Late Cretaceous","Richardoestesia",1.7,0.7,4,0.411764705882353,2.35294117647059,0.105263157894737
"Late Cretaceous","Richardoestesia",1.4,0.7,2.8,0.5,2,0.0909090909090909
"Late Cretaceous","Richardoestesia",3.41,1.3,4.92,0.381231671554252,1.44281524926686,0.151057401812689
"Late Cretaceous","Richardoestesia",3.14,1.5,6.13,0.477707006369427,1.95222929936306,0.142045454545455
"Late Cretaceous","Richardoestesia",2.21,1.16,4.8,0.524886877828054,2.17194570135747,0.107991360691145
"Late Cretaceous","Richardoestesia",2,0.99,5.35,0.495,2.675,0.105708245243129
"Late Cretaceous","Richardoestesia",2.83,1.08,4.43,0.381625441696113,1.56537102473498,0.127877237851662
"Late Cretaceous","Richardoestesia",2.87,1.21,3.35,0.421602787456446,1.16724738675958,0.136986301369863
"Late Cretaceous","Richardoestesia",2.11,1.16,3.75,0.549763033175355,1.77725118483412,0.135869565217391
"Late Cretaceous","Richardoestesia",3.8,2,10,0.526315789473684,2.63157894736842,0.142857142857143
"Late Cretaceous","Saurornitholestes",6.18,2.51,12.68,0.406148867313916,2.05177993527508,0.23084025854109
"Late Cretaceous","Saurornitholestes",6.65,2.25,11.85,0.338345864661654,1.78195488721805,0.23084025854109
"Late Cretaceous","Saurornitholestes",6.52,2.59,12.18,0.397239263803681,1.8680981595092,0.23084025854109
"Late Cretaceous","Saurornitholestes",4.41,2.38,9.09,0.53968253968254,2.06122448979592,0.266666666666667
"Late Cretaceous","Saurornitholestes",5.23,2.13,9.29,0.407265774378585,1.77629063097514,0.235294117647059
"Late Cretaceous","Saurornitholestes",5.14,2.28,8.07,0.443579766536965,1.57003891050584,0.222222222222222
"Late Cretaceous","Saurornitholestes",2.26,1.5,8.08,0.663716814159292,3.57522123893805,0.25
"Late Cretaceous","Saurornitholestes",4.98,2.14,8.5,0.429718875502008,1.70682730923695,0.2
"Late Cretaceous","Saurornitholestes",4.82,2.3,7.86,0.477178423236514,1.63070539419087,0.166666666666667
"Late Cretaceous","Saurornitholestes",5.2,2.24,8.88,0.430769230769231,1.70769230769231,0.25
"Late Cretaceous","Saurornitholestes",4.63,2.2,9.87,0.475161987041037,2.1317494600432,0.2
"Late Cretaceous","Saurornitholestes",8.05,3.24,14.2,0.402484472049689,1.7639751552795,0.25
"Late Cretaceous","Saurornitholestes",4.89,2.3,10.54,0.470347648261759,2.15541922290389,0.25
"Late Cretaceous","Saurornitholestes",3.94,1.88,7.88,0.477157360406091,2,0.2
"Late Cretaceous","Saurornitholestes",4.08,1.94,9.07,0.475490196078431,2.22303921568627,0.333333333333333
"Late Cretaceous","Saurornitholestes",4.39,2.1,10.15,0.478359908883827,2.3120728929385,0.25
"Late Cretaceous","Saurornitholestes",4.89,2.3,10.56,0.470347648261759,2.15950920245399,0.2
"Late Cretaceous","Saurornitholestes",2.1,0.9,3.4,0.428571428571429,1.61904761904762,0.142857142857143
"Late Cretaceous","Saurornitholestes",2.1,0.7,3.5,0.333333333333333,1.66666666666667,0.2
"Late Cretaceous","Saurornitholestes",2.8,1.4,6.5,0.5,2.32142857142857,0.222222222222222
"Late Cretaceous","Saurornitholestes",3.4,1.9,8.1,0.558823529411765,2.38235294117647,0.235294117647059
"Late Cretaceous","Saurornitholestes",4.2,2,8.5,0.476190476190476,2.02380952380952,0.222222222222222
"Late Cretaceous","Saurornitholestes",4.4,1.9,8.5,0.431818181818182,1.93181818181818,0.25
"Late Cretaceous","Saurornitholestes",2.9,1.5,6,0.517241379310345,2.06896551724138,0.25
"Late Cretaceous","Saurornitholestes",1.9,1,4.7,0.526315789473684,2.47368421052632,0.181818181818182
"Late Cretaceous","Saurornitholestes",5,2.2,12.5,0.44,2.5,0.25
"Late Cretaceous","Saurornitholestes",5,2.2,13.5,0.44,2.7,0.222222222222222
"Late Cretaceous","Saurornitholestes",6,2.9,12,0.483333333333333,2,0.25
"Late Cretaceous","Saurornitholestes",5.3,3.2,11.3,0.60377358490566,2.13207547169811,0.266666666666667
"Late Cretaceous","Saurornitholestes",6.9,3.1,13,0.449275362318841,1.88405797101449,0.25
"Late Cretaceous","Saurornitholestes",2,1.1,5,0.55,2.5,0.2
"Late Cretaceous","Saurornitholestes",4.4,2.3,10.3,0.522727272727273,2.34090909090909,0.25
"Late Cretaceous","Saurornitholestes",5.1,2.3,9,0.450980392156863,1.76470588235294,0.25
"Late Cretaceous","Saurornitholestes",4.96,2.48,7.89,0.5,1.59072580645161,0.190114068441065
"Late Cretaceous","Saurornitholestes",3.8,2.25,7.91,0.592105263157895,2.08157894736842,0.257731958762887
"Late Cretaceous","Saurornitholestes",5.08,2.14,9,0.421259842519685,1.77165354330709,0.256410256410256
"Late Cretaceous","Saurornitholestes",5.28,2.13,9.08,0.403409090909091,1.71969696969697,0.197628458498024
"Late Cretaceous","Saurornitholestes",4.2,2.3,8.5,0.547619047619048,2.02380952380952,0.25
"Late Cretaceous","Saurornitholestes",4,2,7.9,0.5,1.975,0.227272727272727
"Late Cretaceous","Saurornitholestes",2.7,1.1,4.2,0.407407407407407,1.55555555555556,0.153846153846154
"Late Cretaceous","Saurornitholestes",2,1,4.6,0.5,2.3,0.166666666666667
"Late Cretaceous","Saurornitholestes",2.4,1.1,4.8,0.458333333333333,2,0.181818181818182
"Late Cretaceous","Saurornitholestes",2.2,0.7,4.1,0.318181818181818,1.86363636363636,0.142857142857143
"Late Cretaceous","Saurornitholestes",4.6,1.7,6.7,0.369565217391304,1.45652173913044,0.2
"Late Cretaceous","Saurornitholestes",3.7,1.8,6.7,0.486486486486486,1.81081081081081,0.235294117647059
"Late Cretaceous","Saurornitholestes",1.9,0.7,2.8,0.368421052631579,1.47368421052632,0.153846153846154
"Late Cretaceous","Saurornitholestes",2.4,0.9,3.9,0.375,1.625,0.153846153846154
"Late Cretaceous","Saurornitholestes",1.9,1,5,0.526315789473684,2.63157894736842,0.2
"Late Cretaceous","Saurornitholestes",4.2,1.5,6.3,0.357142857142857,1.5,0.222222222222222
"Late Cretaceous","Saurornitholestes",3.9,1.9,9,0.487179487179487,2.30769230769231,0.235294117647059
"Late Cretaceous","Saurornitholestes",4.3,2,11.2,0.465116279069767,2.6046511627907,0.2
"Late Cretaceous","Saurornitholestes",4,2.1,9.9,0.525,2.475,0.25
"Late Cretaceous","Saurornitholestes",5.5,2.2,13,0.4,2.36363636363636,0.25
"Late Cretaceous","Saurornitholestes",3.8,1.4,8.2,0.368421052631579,2.15789473684211,0.2
"Late Cretaceous","Saurornitholestes",4.9,2.2,9.6,0.448979591836735,1.95918367346939,0.25
"Late Cretaceous","Saurornitholestes",5,2.3,13,0.46,2.6,0.25
"Late Cretaceous","Saurornitholestes",5.4,2.5,13,0.462962962962963,2.40740740740741,0.25
"Late Cretaceous","Saurornitholestes",5.9,2.8,13,0.474576271186441,2.20338983050847,0.266666666666667
"Late Cretaceous","Saurornitholestes",5,2.1,12,0.42,2.4,0.2
"Late Cretaceous","Saurornitholestes",5.3,2.3,11.8,0.433962264150943,2.22641509433962,0.235294117647059
"Late Cretaceous","Saurornitholestes",4.5,1.8,7.8,0.4,1.73333333333333,0.210526315789474
"Late Cretaceous","Saurornitholestes",4.2,1.7,7.5,0.404761904761905,1.78571428571429,0.25
"Late Cretaceous","Saurornitholestes",5.1,2.1,9.5,0.411764705882353,1.86274509803922,0.25
"Late Cretaceous","Saurornitholestes",5,2.3,9.2,0.46,1.84,0.25
"Late Cretaceous","Saurornitholestes",4.9,2.1,10.5,0.428571428571429,2.14285714285714,0.25
"Late Cretaceous","Saurornitholestes",4.7,2.2,10.4,0.468085106382979,2.21276595744681,0.235294117647059
"Late Cretaceous","Saurornitholestes",4.2,1.5,8,0.357142857142857,1.9047619047619,0.222222222222222
"Late Cretaceous","Saurornitholestes",4.2,2.5,10.5,0.595238095238095,2.5,0.266666666666667
"Late Cretaceous","Saurornitholestes",4.7,2,10.3,0.425531914893617,2.19148936170213,0.2
"Late Cretaceous","Saurornitholestes",5.9,2.7,13,0.457627118644068,2.20338983050847,0.25
"Late Cretaceous","Saurornitholestes",4.8,2,9.2,0.416666666666667,1.91666666666667,0.25
"Late Cretaceous","Saurornitholestes",5.1,2.1,11.7,0.411764705882353,2.29411764705882,0.2
"Late Cretaceous","Saurornitholestes",4.5,2.4,9.5,0.533333333333333,2.11111111111111,0.25
"Late Cretaceous","Saurornitholestes",5.7,2.1,11.2,0.368421052631579,1.96491228070175,0.222222222222222
"Late Cretaceous","Saurornitholestes",4.8,2.2,9.4,0.458333333333333,1.95833333333333,0.25
"Late Cretaceous","Saurornitholestes",5.5,3.2,11.2,0.581818181818182,2.03636363636364,0.2
"Late Cretaceous","Saurornitholestes",5.6,2.6,10.8,0.464285714285714,1.92857142857143,0.25
"Late Cretaceous","Saurornitholestes",7.9,2.8,16,0.354430379746835,2.0253164556962,0.266666666666667
"Late Cretaceous","Saurornitholestes",5.5,2.7,14,0.490909090909091,2.54545454545455,0.235294117647059
"Late Cretaceous","Saurornitholestes",5.1,2.2,9,0.431372549019608,1.76470588235294,0.181818181818182
"Late Cretaceous","Saurornitholestes",6.4,2.6,13,0.40625,2.03125,0.266666666666667
"Late Cretaceous","Saurornitholestes",5,1.9,9,0.38,1.8,0.235294117647059
"Late Cretaceous","Saurornitholestes",5.3,2.1,9,0.39622641509434,1.69811320754717,0.25
"Late Cretaceous","Saurornitholestes",3.5,1.7,7.6,0.485714285714286,2.17142857142857,0.25
"Late Cretaceous","Saurornitholestes",3.7,1.9,8.3,0.513513513513513,2.24324324324324,0.25
"Late Cretaceous","Saurornitholestes",4.7,2.4,9.2,0.51063829787234,1.95744680851064,0.266666666666667
"Late Cretaceous","Saurornitholestes",3.8,1.6,8.7,0.421052631578947,2.28947368421053,0.166666666666667
"Late Cretaceous","Saurornitholestes",5.6,1.4,6.3,0.25,1.125,0.210526315789474
"Late Cretaceous","Saurornitholestes",4.2,2,8.1,0.476190476190476,1.92857142857143,0.235294117647059
"Late Cretaceous","Saurornitholestes",5.5,2.2,11.5,0.4,2.09090909090909,0.235294117647059
"Late Cretaceous","Saurornitholestes",5.2,2.2,8.2,0.423076923076923,1.57692307692308,0.235294117647059
"Late Cretaceous","Saurornitholestes",3.5,1.9,7.5,0.542857142857143,2.14285714285714,0.235294117647059
"Late Cretaceous","Saurornitholestes",4.1,2.6,9.5,0.634146341463415,2.31707317073171,0.222222222222222
"Late Cretaceous","Saurornitholestes",4.1,2.4,9.5,0.585365853658537,2.31707317073171,0.25
"Late Cretaceous","Saurornitholestes",5.3,2.5,11.8,0.471698113207547,2.22641509433962,0.210526315789474
"Late Cretaceous","Saurornitholestes",5,2.4,10.5,0.48,2.1,0.25
"Late Cretaceous","Saurornitholestes",6,2.3,13,0.383333333333333,2.16666666666667,0.285714285714286
"Late Cretaceous","Saurornitholestes",5.7,2.2,11,0.385964912280702,1.92982456140351,0.266666666666667
"Late Cretaceous","Saurornitholestes",3.5,2,7.8,0.571428571428571,2.22857142857143,0.266666666666667
"Late Cretaceous","Saurornitholestes",2.9,1.7,7,0.586206896551724,2.41379310344828,0.222222222222222
"Late Cretaceous","Saurornitholestes",5,2.3,12,0.46,2.4,0.25
"Late Cretaceous","Saurornitholestes",5.1,2.4,10.2,0.470588235294118,2,0.25
"Late Cretaceous","Saurornitholestes",3.8,1.6,6.3,0.421052631578947,1.65789473684211,0.222222222222222
"Late Cretaceous","Saurornitholestes",4.9,2.2,9.4,0.448979591836735,1.91836734693878,0.19047619047619
"Late Cretaceous","Saurornitholestes",3.3,1.5,6.2,0.454545454545455,1.87878787878788,0.235294117647059
"Late Cretaceous","Saurornitholestes",5.7,2.4,11.2,0.421052631578947,1.96491228070175,0.222222222222222
"Late Cretaceous","Saurornitholestes",6.3,2.4,14.2,0.380952380952381,2.25396825396825,0.25
"Late Cretaceous","Saurornitholestes",4.69,2.28,8.01,0.486140724946695,1.70788912579957,0.279329608938548
"Late Cretaceous","Saurornitholestes",5.98,2.48,11.66,0.414715719063545,1.94983277591973,0.218340611353712
"Late Cretaceous","Saurornitholestes",5.77,2.49,11.25,0.431542461005199,1.94974003466205,0.180505415162455
"Late Cretaceous","Saurornitholestes",4.36,2.45,9.2,0.561926605504587,2.11009174311927,0.233644859813084
"Late Cretaceous","Saurornitholestes",4.89,2.45,8.74,0.501022494887526,1.78732106339468,0.261780104712042
"Late Cretaceous","Saurornitholestes",4.26,1.98,7.19,0.464788732394366,1.68779342723005,0.231481481481481
"Late Cretaceous","Saurornitholestes",5.26,2.37,10.78,0.450570342205323,2.04942965779468,0.264550264550265
"Late Cretaceous","Saurornitholestes",3.93,1.81,5.66,0.460559796437659,1.44020356234097,0.228310502283105
"Late Cretaceous","Saurornitholestes",5.24,2.77,10.8,0.528625954198473,2.06106870229008,0.247524752475248
"Late Cretaceous","Saurornitholestes",5.74,2.67,11.6,0.465156794425087,2.02090592334495,0.233644859813084
"Late Cretaceous","Saurornitholestes",3.67,1.61,4.42,0.438692098092643,1.20435967302452,0.271739130434783
"Late Cretaceous","Saurornitholestes",5.12,2.37,8.18,0.462890625,1.59765625,0.246305418719212
"Late Cretaceous","Saurornitholestes",5.42,2.37,9.21,0.437269372693727,1.69926199261993,0.238095238095238
"Late Cretaceous","Saurornitholestes",6.53,3.73,9.66,0.571209800918836,1.47932618683002,0.279329608938548
"Late Cretaceous","Saurornitholestes",4.7,2.17,7.67,0.461702127659574,1.63191489361702,0.230414746543779
"Late Cretaceous","Saurornitholestes",5.6,2.45,8.31,0.4375,1.48392857142857,0.183823529411765
"Late Cretaceous","Saurornitholestes",5.62,2.37,10.04,0.421708185053381,1.7864768683274,0.247524752475248
"Late Cretaceous","Saurornitholestes",5.77,2.41,11.03,0.417677642980936,1.91161178509532,0.222222222222222
"Late Cretaceous","Saurornitholestes",5.79,3.16,11.54,0.545768566493955,1.99309153713299,0.261780104712042
"Late Cretaceous","Saurornitholestes",4.66,2.57,10.1,0.551502145922747,2.16738197424893,0.208333333333333
"Late Cretaceous","Saurornitholestes",4.75,2.38,7.58,0.501052631578947,1.59578947368421,0.232558139534884
"Late Cretaceous","Saurornitholestes",7.5,3.68,12.85,0.490666666666667,1.71333333333333,0.204081632653061
"Late Cretaceous","Saurornitholestes",7.07,3.13,8.38,0.442715700141443,1.18528995756719,0.186567164179104
"Late Cretaceous","Saurornitholestes",5.34,2.82,10.1,0.528089887640449,1.89138576779026,0.257731958762887
"Late Cretaceous","Saurornitholestes",3.82,1.75,7.52,0.458115183246073,1.96858638743456,0.163934426229508
"Late Cretaceous","Saurornitholestes",1.69,0.83,2.2,0.49112426035503,1.30177514792899,0.18450184501845
"Late Cretaceous","Atrociraptor",5,3.5,10,0.7,2,0.434782608695652
"Late Cretaceous","Atrociraptor",5.5,3.5,12,0.636363636363636,2.18181818181818,0.333333333333333
"Late Cretaceous","Atrociraptor",5.2,2.8,7.5,0.538461538461538,1.44230769230769,0.25
"Late Cretaceous","Atrociraptor",5.2,2.6,7,0.5,1.34615384615385,0.25
"Late Cretaceous","Atrociraptor",4.98,2.48,7.68,0.497991967871486,1.5421686746988,0.357142857142857
"Late Cretaceous","Atrociraptor",5.15,2.4,8.38,0.466019417475728,1.62718446601942,0.3125
"Late Cretaceous","Atrociraptor",5.81,2.88,9.12,0.495697074010327,1.5697074010327,0.3125
"Late Cretaceous","Atrociraptor",5.23,2.76,9.36,0.527724665391969,1.78967495219885,0.357142857142857
"Late Cretaceous","Atrociraptor",4.73,2.4,7.55,0.507399577167019,1.59619450317125,0.285714285714286
"Late Cretaceous","Atrociraptor",4.65,2.36,6.64,0.50752688172043,1.42795698924731,0.327868852459016
"Late Cretaceous","Atrociraptor",5.06,2.56,9.6,0.505928853754941,1.89723320158103,0.294117647058824
"Late Cretaceous","Atrociraptor",3.15,1.58,4.07,0.501587301587302,1.29206349206349,0.333333333333333
"Late Cretaceous","Atrociraptor",3.24,1.72,5.06,0.530864197530864,1.56172839506173,0.333333333333333
"Late Cretaceous","Atrociraptor",5.48,2.56,9.52,0.467153284671533,1.73722627737226,0.285714285714286
"Late Cretaceous","Atrociraptor",4.32,1.88,5.48,0.435185185185185,1.26851851851852,0.212765957446809
"Late Cretaceous","Atrociraptor",4.48,2.32,7.3,0.517857142857143,1.62946428571429,0.285714285714286
"Late Cretaceous","Atrociraptor",5.6,2.6,8,0.464285714285714,1.42857142857143,0.303030303030303
"Late Cretaceous","Atrociraptor",4.73,2.56,7.22,0.54122621564482,1.52642706131078,0.27027027027027
"Late Cretaceous","Atrociraptor",4.07,1.99,6.39,0.488943488943489,1.57002457002457,0.285714285714286
"Late Cretaceous","Atrociraptor",3.9,2.08,5.81,0.533333333333333,1.48974358974359,0.25
"Late Cretaceous","Atrociraptor",4.9,2.41,10.15,0.491836734693878,2.07142857142857,0.32258064516129
"Late Cretaceous","Atrociraptor",4.23,2.16,6.56,0.51063829787234,1.55082742316785,0.25
"Late Cretaceous","Zapsalis",6.5,3,12,0.461538461538462,1.84615384615385,0.33003300330033
"Late Cretaceous","Zapsalis",6.1,2.4,10,0.39344262295082,1.63934426229508,0.307692307692308
"Late Cretaceous","Zapsalis",6.3,3.2,11,0.507936507936508,1.74603174603175,0.285714285714286
"Late Cretaceous","Zapsalis",5.7,2.5,12.5,0.43859649122807,2.19298245614035,0.285714285714286
"Late Cretaceous","Zapsalis",5.8,2.5,13,0.431034482758621,2.24137931034483,0.285714285714286
"Late Cretaceous","Zapsalis",7.2,3.2,15,0.444444444444444,2.08333333333333,0.333333333333333
"Late Cretaceous","Zapsalis",5.4,2.5,10.5,0.462962962962963,1.94444444444444,0.285714285714286
"Late Cretaceous","Zapsalis",6.5,3,13,0.461538461538462,2,0.307692307692308
"Late Cretaceous","Zapsalis",7.9,3.1,14,0.392405063291139,1.77215189873418,0.307692307692308
"Late Cretaceous","Zapsalis",6.6,3,15.5,0.454545454545455,2.34848484848485,0.307692307692308
"Late Cretaceous","Zapsalis",6.4,3.1,11.5,0.484375,1.796875,0.307692307692308
"Late Cretaceous","Zapsalis",5.8,2.5,11,0.431034482758621,1.89655172413793,0.266666666666667
"Late Cretaceous","Zapsalis",6.3,3.4,12,0.53968253968254,1.9047619047619,0.285714285714286
"Late Cretaceous","Zapsalis",6.3,3,15.5,0.476190476190476,2.46031746031746,0.333333333333333
"Late Cretaceous","Zapsalis",6,3,12.5,0.5,2.08333333333333,0.307692307692308
"Late Cretaceous","Zapsalis",6.4,3,12,0.46875,1.875,0.333333333333333
"Late Cretaceous","Zapsalis",6.3,2.4,11.2,0.380952380952381,1.77777777777778,0.285714285714286
"Late Cretaceous","Zapsalis",6.4,3,11.7,0.46875,1.828125,0.307692307692308
"Late Cretaceous","Zapsalis",7,3,12,0.428571428571429,1.71428571428571,0.333333333333333
"Late Cretaceous","Zapsalis",6.8,3.3,13.7,0.485294117647059,2.01470588235294,0.333333333333333
"Late Cretaceous","Zapsalis",5.3,2.1,9.3,0.39622641509434,1.75471698113208,0.307692307692308
"Late Cretaceous","Zapsalis",5.8,2.6,11.5,0.448275862068966,1.98275862068966,0.285714285714286
"Late Cretaceous","Zapsalis",5,2.3,11,0.46,2.2,0.285714285714286
"Late Cretaceous","Zapsalis",6.4,2.5,14,0.390625,2.1875,0.333333333333333
"Late Cretaceous","Troodon",4.5,4.5,9.8,1,2.17777777777778,0.727272727272727
"Late Cretaceous","Troodon",5.1,3.8,8.8,0.745098039215686,1.72549019607843,0.714285714285714
"Late Cretaceous","Troodon",5.7,4.2,9.8,0.736842105263158,1.71929824561404,0.577367205542725
"Late Cretaceous","Troodon",5.66,2.72,8.09,0.480565371024735,1.42932862190813,0.476190476190476
"Late Cretaceous","Troodon",5.7,2.6,8.7,0.456140350877193,1.52631578947368,0.416666666666667
"Late Cretaceous","Troodon",6.2,3.4,9,0.548387096774194,1.45161290322581,0.641025641025641
"Late Cretaceous","Troodon",4.51,2.22,6.67,0.492239467849224,1.47893569844789,0.446428571428571
"Late Cretaceous","Troodon",4.96,2.55,8.61,0.514112903225806,1.73588709677419,0.561797752808989
"Late Cretaceous","Troodon",5.35,2.65,8.01,0.495327102803738,1.49719626168224,0.462962962962963
"Late Cretaceous","Troodon",4.99,2.81,6.92,0.56312625250501,1.38677354709419,0.5
"Late Cretaceous","Troodon",2.97,1.53,3.89,0.515151515151515,1.30976430976431,0.29585798816568
"Late Cretaceous","Troodon",3.26,1.79,4.55,0.549079754601227,1.39570552147239,0.485436893203883
"Late Cretaceous","Troodon",4.88,2.32,6.56,0.475409836065574,1.34426229508197,0.476190476190476
"Late Cretaceous","Troodon",5.91,2.72,8.36,0.460236886632826,1.41455160744501,0.442477876106195
"Late Cretaceous","Troodon",4.01,1.99,4.16,0.496259351620948,1.03740648379052,0.505050505050505
"Late Cretaceous","Troodon",3.45,1.55,3.37,0.449275362318841,0.976811594202899,0.335570469798658
"Late Cretaceous","Troodon",3.31,1.69,4.57,0.510574018126888,1.38066465256798,0.413223140495868
"Late Cretaceous","Troodon",3.39,1.83,4.48,0.539823008849557,1.32153392330383,0.462962962962963
"Late Cretaceous","Troodon",5.21,2.44,8.76,0.468330134357006,1.68138195777351,0.510204081632653
"Late Cretaceous","Troodon",2.86,1.25,3.56,0.437062937062937,1.24475524475524,0.31055900621118
"Late Cretaceous","Troodon",3.62,1.73,3.33,0.477900552486188,0.919889502762431,0.337837837837838
"Late Cretaceous","Troodon",5.02,2.42,7.44,0.48207171314741,1.48207171314741,0.393700787401575
"Late Cretaceous","Troodon",4.29,2.73,6.5,0.636363636363636,1.51515151515152,0.609756097560976
"Late Cretaceous","Troodon",5.85,3.33,10.38,0.569230769230769,1.77435897435897,0.520833333333333
"Late Cretaceous","Troodon",5.83,2.93,7.72,0.502572898799314,1.32418524871355,0.490196078431373
"Late Cretaceous","Troodon",1.53,1.1,2.33,0.718954248366013,1.52287581699346,0.454545454545455
"Late Cretaceous","Troodon",4.18,1.94,5.24,0.464114832535885,1.25358851674641,0.617283950617284
"Late Cretaceous","Troodon",3.58,1.69,3.46,0.472067039106145,0.966480446927374,0.340136054421769
"Late Cretaceous","Troodon",5.2,2.8,7.6,0.538461538461538,1.46153846153846,0.5
"Late Cretaceous","Troodon",4.7,2,6,0.425531914893617,1.27659574468085,0.416666666666667
"Late Cretaceous","Troodon",2.5,1.3,3.1,0.52,1.24,0.25
"Late Cretaceous","Troodon",4.92,2.43,7.22,0.49390243902439,1.46747967479675,0.442477876106195
"Late Cretaceous","Troodon",6,3.03,9.39,0.505,1.565,0.568181818181818
"Late Cretaceous","Troodon",5.6,2.71,8.47,0.483928571428571,1.5125,0.4
"Late Cretaceous","Troodon",5.2,2.33,7.84,0.448076923076923,1.50769230769231,0.4
"Late Cretaceous","Troodon",4.45,1.62,7.25,0.364044943820225,1.62921348314607,0.4
"Late Cretaceous","Pectinodon",2.43,0.8,3.88,0.329218106995885,1.59670781893004,0.4
"Late Cretaceous","Pectinodon",2.2,1,3,0.454545454545455,1.36363636363636,0.25
"Late Cretaceous","Pectinodon",2.7,1,4.5,0.37037037037037,1.66666666666667,0.266666666666667
"Late Cretaceous","Pectinodon",2.9,1.1,4.3,0.379310344827586,1.48275862068966,0.285714285714286
"Late Cretaceous","Pectinodon",2.7,1.1,4.2,0.407407407407407,1.55555555555556,0.25
"Late Cretaceous","Pectinodon",2.7,1,3.8,0.37037037037037,1.40740740740741,0.285714285714286
"Late Cretaceous","Pectinodon",2.6,1,3.1,0.384615384615385,1.19230769230769,0.222222222222222
"Late Cretaceous","Pectinodon",2.7,1,4.1,0.37037037037037,1.51851851851852,0.25
"Late Cretaceous","Pectinodon",3,1,3.5,0.333333333333333,1.16666666666667,0.333333333333333
"Late Cretaceous","Pectinodon",2.4,0.9,3.9,0.375,1.625,0.25
"Late Cretaceous","Pectinodon",2,1,4.1,0.5,2.05,0.333333333333333
"Late Cretaceous","Pectinodon",2.1,0.8,3.2,0.380952380952381,1.52380952380952,0.2
"Late Cretaceous","Pectinodon",1.9,1.3,3.4,0.684210526315789,1.78947368421053,0.333333333333333
"Late Cretaceous","Pectinodon",3.2,1,4,0.3125,1.25,0.333333333333333
"Late Cretaceous","Pectinodon",2.52,1.09,4.43,0.432539682539683,1.75793650793651,0.520833333333333
"Late Cretaceous","Pectinodon",2.44,0.91,3.93,0.372950819672131,1.61065573770492,0.495049504950495
"Late Cretaceous","Pectinodon",2.39,1,4.22,0.418410041841004,1.76569037656904,0.505050505050505
"Late Cretaceous","Pectinodon",2.47,1.12,4.9,0.453441295546559,1.98380566801619,0.344827586206897
"Late Cretaceous","Pectinodon",2.89,1.12,4.99,0.387543252595156,1.72664359861592,0.3125
"Late Cretaceous","Pectinodon",2.93,1.1,4.85,0.37542662116041,1.65529010238908,0.314465408805031
"Late Cretaceous","Pectinodon",2.74,0.96,3.88,0.35036496350365,1.41605839416058,0.326797385620915
"Late Cretaceous","Pectinodon",2.53,0.87,3.25,0.343873517786561,1.28458498023715,0.267379679144385
"Late Cretaceous","Pectinodon",2.64,0.82,3.19,0.310606060606061,1.20833333333333,0.304878048780488
"Late Cretaceous","Pectinodon",2.74,1.15,5.55,0.41970802919708,2.02554744525547,0.294117647058824
"Late Cretaceous","Pectinodon",2.63,1.18,4.8,0.448669201520913,1.82509505703422,0.29585798816568
"Late Cretaceous","Pectinodon",2.52,1.22,4.3,0.484126984126984,1.70634920634921,0.261780104712042
"Late Cretaceous","Pectinodon",2.31,0.93,4.26,0.402597402597403,1.84415584415584,0.5
"Late Cretaceous","Pectinodon",2.21,0.62,2.62,0.280542986425339,1.18552036199095,0.252525252525253
"Late Cretaceous","Pectinodon",2.36,0.63,2.73,0.266949152542373,1.15677966101695,0.247524752475248
"Late Cretaceous","Pectinodon",2.35,0.7,2.6,0.297872340425532,1.1063829787234,0.256410256410256
"Late Cretaceous","Pectinodon",3.12,1.46,5.63,0.467948717948718,1.80448717948718,0.641025641025641
"Late Cretaceous","Pectinodon",2.93,1.17,4.35,0.399317406143345,1.48464163822526,0.476190476190476
"Late Cretaceous","Pectinodon",2.56,1.07,4.5,0.41796875,1.7578125,0.574712643678161
"Late Cretaceous","Pectinodon",2.69,1.12,3.72,0.41635687732342,1.38289962825279,0.347222222222222
"Late Cretaceous","Pectinodon",2.51,1.05,3.1,0.418326693227092,1.23505976095618,0.267379679144385
"Late Cretaceous","Pectinodon",2,0.7,3,0.35,1.5,0.285714285714286
"Late Cretaceous","Pectinodon",3.2,1.1,4.6,0.34375,1.4375,0.25
"Late Cretaceous","Pectinodon",3.6,1.7,4.6,0.472222222222222,1.27777777777778,0.4
"Late Cretaceous","Pectinodon",2.2,0.9,2.9,0.409090909090909,1.31818181818182,0.25
"Late Cretaceous","Pectinodon",2.1,0.7,3,0.333333333333333,1.42857142857143,0.222222222222222
